replay_id,as_of_date,symbol,display_name,candidate_rank,pred_direction,actual_direction,direction_match,pred_return_last,actual_return_last,return_error,abs_return_error,model_status
2025-08-21_159949_RECONSTRUCTED,2025-08-21,159949,创业板50ETF,2,DOWN,UP,False,-0.2276005148887634,0.2689713322091063,-0.4965718470978697,0.4965718470978697,PASS
2025-08-04_159949_RECONSTRUCTED,2025-08-04,159949,创业板50ETF,2,DOWN,UP,False,-0.1712905764579773,0.3250950570342203,-0.4963856334921976,0.4963856334921976,PASS
2025-08-14_159949_RECONSTRUCTED,2025-08-14,159949,创业板50ETF,1,DOWN,UP,False,-0.1771163940429687,0.3143872113676733,-0.4915036054106421,0.4915036054106421,PASS
2025-08-22_159949_RECONSTRUCTED,2025-08-22,159949,创业板50ETF,4,DOWN,UP,False,-0.248439073562622,0.2418831168831168,-0.4903221904457389,0.4903221904457389,PASS
2025-08-11_159949_RECONSTRUCTED,2025-08-11,159949,创业板50ETF,4,DOWN,UP,False,-0.1732626557350158,0.3153488372093023,-0.4886114929443181,0.4886114929443181,PASS
2025-08-27_159949_RECONSTRUCTED,2025-08-27,159949,创业板50ETF,4,DOWN,UP,False,-0.2521085739135742,0.2296,-0.4817085739135742,0.4817085739135742,PASS
2025-07-31_159949_RECONSTRUCTED,2025-07-31,159949,创业板50ETF,2,DOWN,UP,False,-0.1880736947059631,0.2895238095238095,-0.4775975042297726,0.4775975042297726,PASS
2025-08-25_159949_RECONSTRUCTED,2025-08-25,159949,创业板50ETF,4,DOWN,UP,False,-0.2975513935089111,0.1785150078988941,-0.4760664014078053,0.4760664014078053,PASS
2025-08-20_159949_RECONSTRUCTED,2025-08-20,159949,创业板50ETF,2,DOWN,UP,False,-0.2373533844947815,0.2351464435146442,-0.4724998280094257,0.4724998280094257,PASS
2025-08-13_159949_RECONSTRUCTED,2025-08-13,159949,创业板50ETF,2,DOWN,UP,False,-0.1897521018981933,0.2824360105913504,-0.4721881124895437,0.4721881124895437,PASS
2025-08-18_159949_RECONSTRUCTED,2025-08-18,159949,创业板50ETF,2,DOWN,UP,False,-0.245776355266571,0.2237174095878888,-0.4694937648544599,0.4694937648544599,PASS
2025-08-19_159949_RECONSTRUCTED,2025-08-19,159949,创业板50ETF,2,DOWN,UP,False,-0.235549509525299,0.2319327731092437,-0.4674822826345428,0.4674822826345428,PASS
2025-08-08_159949_RECONSTRUCTED,2025-08-08,159949,创业板50ETF,5,DOWN,UP,False,-0.1049287319183349,0.3612167300380227,-0.4661454619563576,0.4661454619563576,PASS
2025-09-12_159949_RECONSTRUCTED,2025-09-12,159949,创业板50ETF,1,DOWN,UP,False,-0.3941226005554199,0.067892503536068,-0.4620151040914879,0.4620151040914879,PASS
2025-08-26_159949_RECONSTRUCTED,2025-08-26,159949,创业板50ETF,4,DOWN,UP,False,-0.2356373071670532,0.223370429252782,-0.4590077364198353,0.4590077364198353,PASS
2025-08-08_159915_RECONSTRUCTED,2025-08-08,159915,创业板ETF,3,DOWN,UP,False,-0.1436715722084045,0.3083910034602077,-0.4520625756686123,0.4520625756686123,PASS
2025-08-27_159915_RECONSTRUCTED,2025-08-27,159915,创业板ETF,1,DOWN,UP,False,-0.2557478547096252,0.1932492581602374,-0.4489971128698626,0.4489971128698626,PASS
2025-07-29_159949_RECONSTRUCTED,2025-07-29,159949,创业板50ETF,3,DOWN,UP,False,-0.1879182457923889,0.2605504587155962,-0.4484687045079851,0.4484687045079851,PASS
2025-09-18_159949_RECONSTRUCTED,2025-09-18,159949,创业板50ETF,1,DOWN,UP,False,-0.3672911524772644,0.0707903780068728,-0.4380815304841372,0.4380815304841372,PASS
2025-08-11_159915_RECONSTRUCTED,2025-08-11,159915,创业板ETF,1,DOWN,UP,False,-0.1667103171348571,0.2706830717013151,-0.4373933888361723,0.4373933888361723,PASS
2025-08-15_159949_RECONSTRUCTED,2025-08-15,159949,创业板50ETF,2,DOWN,UP,False,-0.178990364074707,0.2575626620570441,-0.4365530261317512,0.4365530261317512,PASS
2025-08-28_159949_RECONSTRUCTED,2025-08-28,159949,创业板50ETF,4,DOWN,UP,False,-0.2523725032806396,0.1787624140565316,-0.4311349173371712,0.4311349173371712,PASS
2025-09-19_159949_RECONSTRUCTED,2025-09-19,159949,创业板50ETF,2,DOWN,UP,False,-0.39117431640625,0.0398625429553263,-0.4310368593615763,0.4310368593615763,PASS
2025-09-16_159949_RECONSTRUCTED,2025-09-16,159949,创业板50ETF,1,DOWN,UP,False,-0.3722050786018371,0.0584996558843771,-0.4307047344862142,0.4307047344862142,PASS
2025-09-17_159949_RECONSTRUCTED,2025-09-17,159949,创业板50ETF,1,DOWN,UP,False,-0.3540517687797546,0.0743243243243243,-0.428376093104079,0.428376093104079,PASS
2025-08-21_512480_RECONSTRUCTED,2025-08-21,512480,半导体ETF,3,DOWN,UP,False,-0.1418682932853698,0.2847626977518733,-0.4266309910372432,0.4266309910372432,PASS
2025-08-12_159949_RECONSTRUCTED,2025-08-12,159949,创业板50ETF,4,DOWN,UP,False,-0.1060633659362793,0.3183486238532109,-0.4244119897894902,0.4244119897894902,PASS
2025-08-14_159915_RECONSTRUCTED,2025-08-14,159915,创业板ETF,2,DOWN,UP,False,-0.1486225724220276,0.2751430907604251,-0.4237656631824527,0.4237656631824527,PASS
2025-08-04_159915_RECONSTRUCTED,2025-08-04,159915,创业板ETF,1,DOWN,UP,False,-0.1499871611595153,0.2728058798097708,-0.4227930409692861,0.4227930409692861,PASS
2025-11-10_159949_RECONSTRUCTED,2025-11-10,159949,创业板50ETF,2,DOWN,UP,False,-0.4072708487510681,0.0152925531914893,-0.4225634019425575,0.4225634019425575,PASS
2025-08-22_159915_RECONSTRUCTED,2025-08-22,159915,创业板ETF,2,DOWN,UP,False,-0.2156228423118591,0.2062359128474831,-0.4218587551593422,0.4218587551593422,PASS
2025-07-28_159949_RECONSTRUCTED,2025-07-28,159949,创业板50ETF,2,DOWN,UP,False,-0.1654302477836609,0.2553788587464922,-0.4208091065301531,0.4208091065301531,PASS
2025-12-24_159937_RECONSTRUCTED,2025-12-24,159937,黄金ETF,1,DOWN,UP,False,-0.1824109554290771,0.2355019746414466,-0.4179129300705237,0.4179129300705237,PASS
2025-08-26_159915_RECONSTRUCTED,2025-08-26,159915,创业板ETF,1,DOWN,UP,False,-0.2330357432365417,0.1829896907216495,-0.4160254339581912,0.4160254339581912,PASS
2025-08-06_159949_RECONSTRUCTED,2025-08-06,159949,创业板50ETF,4,DOWN,UP,False,-0.1586953997611999,0.2568203198494827,-0.4155157196106827,0.4155157196106827,PASS
2025-08-21_159915_RECONSTRUCTED,2025-08-21,159915,创业板ETF,1,DOWN,UP,False,-0.1868025064468383,0.228615863141524,-0.4154183695883624,0.4154183695883624,PASS
2025-08-19_159915_RECONSTRUCTED,2025-08-19,159915,创业板ETF,1,DOWN,UP,False,-0.2157462835311889,0.1968932038834949,-0.4126394874146839,0.4126394874146839,PASS
2025-08-21_588000_RECONSTRUCTED,2025-08-21,588000,科创50ETF,5,DOWN,UP,False,-0.1447010636329651,0.2665562913907284,-0.4112573550236935,0.4112573550236935,PASS
2025-12-09_159949_RECONSTRUCTED,2025-12-09,159949,创业板50ETF,1,DOWN,UP,False,-0.3826411962509155,0.0234527687296417,-0.4060939649805573,0.4060939649805573,PASS
2025-08-29_159949_RECONSTRUCTED,2025-08-29,159949,创业板50ETF,4,DOWN,UP,False,-0.3143246173858642,0.0916542473919523,-0.4059788647778166,0.4059788647778166,PASS
2025-08-27_512480_RECONSTRUCTED,2025-08-27,512480,半导体ETF,2,DOWN,UP,False,-0.2099946141242981,0.1930355791067375,-0.4030301932310356,0.4030301932310356,PASS
2025-09-15_159949_RECONSTRUCTED,2025-09-15,159949,创业板50ETF,1,DOWN,UP,False,-0.3303837180137634,0.0723729993041057,-0.4027567173178692,0.4027567173178692,PASS
2025-07-31_159915_RECONSTRUCTED,2025-07-31,159915,创业板ETF,1,DOWN,UP,False,-0.1545517444610595,0.247283789656671,-0.4018355341177306,0.4018355341177306,PASS
2025-08-12_159915_RECONSTRUCTED,2025-08-12,159915,创业板ETF,1,DOWN,UP,False,-0.1258788108825683,0.2733752620545073,-0.3992540729370757,0.3992540729370757,PASS
2025-08-15_159915_RECONSTRUCTED,2025-08-15,159915,创业板ETF,1,DOWN,UP,False,-0.1748892664909362,0.2223993622957354,-0.3972886287866717,0.3972886287866717,PASS
2025-11-12_159949_RECONSTRUCTED,2025-11-12,159949,创业板50ETF,2,DOWN,DOWN,True,-0.408410370349884,-0.0121539500337609,-0.396256420316123,0.396256420316123,PASS
2025-08-28_512480_RECONSTRUCTED,2025-08-28,512480,半导体ETF,2,DOWN,UP,False,-0.2505449056625366,0.1447740112994351,-0.3953189169619717,0.3953189169619717,PASS
2025-08-28_159915_RECONSTRUCTED,2025-08-28,159915,创业板ETF,1,DOWN,UP,False,-0.2372676134109497,0.1528866714183892,-0.3901542848293389,0.3901542848293389,PASS
2025-08-05_159949_RECONSTRUCTED,2025-08-05,159949,创业板50ETF,2,DOWN,UP,False,-0.0983196496963501,0.2913907284768213,-0.3897103781731714,0.3897103781731714,PASS
2025-07-30_159949_RECONSTRUCTED,2025-07-30,159949,创业板50ETF,2,DOWN,UP,False,-0.1449861526489257,0.2439478584729981,-0.3889340111219239,0.3889340111219239,PASS
