replay_id,as_of_date,symbol,display_name,candidate_rank,left_score,model_name,tokenizer_name,device,lookback,pred_len,sample_count,last_close,pred_close_last,actual_close_last,pred_return_last,actual_return_last,return_error,abs_return_error,squared_return_error,pred_direction,actual_direction,direction_match,actual_close_min,actual_close_max,actual_range_pct,model_status,error_message
2025-03-10_588000_RECONSTRUCTED,2025-03-10,588000,科创50ETF,1,0.71,NeoQuasar/Kronos-small,NeoQuasar/Kronos-Tokenizer-base,cuda:0,120,24,1,1.163,1.1686925888061523,1.064,0.004894733428955078,-0.08512467755803954,0.09001941098699462,0.09001941098699462,0.008103494354445448,UP,DOWN,False,0.97,1.158,0.1616509028374892,PASS,
2025-03-10_588080_RECONSTRUCTED,2025-03-10,588080,科创板50ETF,2,0.68,NeoQuasar/Kronos-small,NeoQuasar/Kronos-Tokenizer-base,cuda:0,120,24,1,1.119,0.873952329158783,1.023,-0.2189880609512329,-0.08579088471849872,-0.1331971762327342,0.1331971762327342,0.01774148775637405,DOWN,DOWN,True,0.939,1.112,0.15460232350312794,PASS,
2025-03-10_512480_RECONSTRUCTED,2025-03-10,512480,半导体ETF,3,0.6300000000000001,NeoQuasar/Kronos-small,NeoQuasar/Kronos-Tokenizer-base,cuda:0,120,24,1,1.141,1.0290380716323853,1.055,-0.09812617301940918,-0.07537248028045584,-0.022753692738953335,0.022753692738953335,0.0005177305332586977,DOWN,DOWN,True,0.944,1.132,0.16476774758983342,PASS,
2025-03-10_512760_RECONSTRUCTED,2025-03-10,512760,芯片ETF,4,0.6300000000000001,NeoQuasar/Kronos-small,NeoQuasar/Kronos-Tokenizer-base,cuda:0,120,24,1,0.632,0.6605993509292603,0.586,0.045252084732055664,-0.07278481012658233,0.118036894858638,0.118036894858638,0.013932708547869162,UP,DOWN,False,0.524,0.628,0.16455696202531642,PASS,
2025-03-10_512100_RECONSTRUCTED,2025-03-10,512100,中证1000ETF,5,0.5549999999999999,NeoQuasar/Kronos-small,NeoQuasar/Kronos-Tokenizer-base,cuda:0,120,24,1,2.565,2.375145673751831,2.333,-0.07401728630065918,-0.09044834307992189,0.01643105677926271,0.01643105677926271,0.00026997962688335507,DOWN,DOWN,True,2.178,2.604,0.1660818713450293,PASS,
2025-03-11_588000_RECONSTRUCTED,2025-03-11,588000,科创50ETF,1,0.6900000000000002,NeoQuasar/Kronos-small,NeoQuasar/Kronos-Tokenizer-base,cuda:0,120,24,1,1.158,1.0380576848983765,1.054,-0.1035771369934082,-0.08981001727115712,-0.013767119722251087,0.013767119722251087,0.00018953358544679483,DOWN,DOWN,True,0.97,1.15,0.155440414507772,PASS,
2025-03-11_588080_RECONSTRUCTED,2025-03-11,588080,科创板50ETF,2,0.6300000000000001,NeoQuasar/Kronos-small,NeoQuasar/Kronos-Tokenizer-base,cuda:0,120,24,1,1.112,1.0409046411514282,1.014,-0.06393468379974365,-0.08812949640287782,0.024194812603134164,0.024194812603134164,0.0005853889569007798,DOWN,DOWN,True,0.939,1.105,0.14928057553956836,PASS,
2025-03-11_512480_RECONSTRUCTED,2025-03-11,512480,半导体ETF,3,0.5900000000000001,NeoQuasar/Kronos-small,NeoQuasar/Kronos-Tokenizer-base,cuda:0,120,24,1,1.132,1.1605687141418457,1.042,0.025237441062927246,-0.07950530035335679,0.10474274141628404,0.10474274141628404,0.010971041879398543,UP,DOWN,False,0.944,1.128,0.16254416961130738,PASS,
2025-03-11_512690_RECONSTRUCTED,2025-03-11,512690,酒ETF,4,0.565,NeoQuasar/Kronos-small,NeoQuasar/Kronos-Tokenizer-base,cuda:0,120,24,1,0.629,0.6442177295684814,0.612,0.024193525314331055,-0.027027027027027084,0.05122055234135814,0.05122055234135814,0.0026235449821538086,UP,DOWN,False,0.594,0.652,0.09220985691573935,PASS,
2025-03-11_512760_RECONSTRUCTED,2025-03-11,512760,芯片ETF,5,0.55,NeoQuasar/Kronos-small,NeoQuasar/Kronos-Tokenizer-base,cuda:0,120,24,1,0.628,0.4726386070251465,0.578,-0.24739080667495728,-0.07961783439490455,-0.16777297228005272,0.16777297228005272,0.02814777022768334,DOWN,DOWN,True,0.524,0.626,0.16242038216560506,PASS,
2025-03-12_588000_RECONSTRUCTED,2025-03-12,588000,科创50ETF,1,0.6700000000000002,NeoQuasar/Kronos-small,NeoQuasar/Kronos-Tokenizer-base,cuda:0,120,24,1,1.15,1.1157848834991455,1.061,-0.029752254486083984,-0.07739130434782604,0.047639049861742055,0.047639049861742055,0.002269479071729546,DOWN,DOWN,True,0.97,1.146,0.15304347826086953,PASS,
2025-03-12_588080_RECONSTRUCTED,2025-03-12,588080,科创板50ETF,2,0.6100000000000001,NeoQuasar/Kronos-small,NeoQuasar/Kronos-Tokenizer-base,cuda:0,120,24,1,1.105,1.0997672080993652,1.02,-0.004735589027404785,-0.07692307692307687,0.07218748789567209,0.07218748789567209,0.005211033408687804,DOWN,DOWN,True,0.939,1.101,0.146606334841629,PASS,
2025-03-12_512480_RECONSTRUCTED,2025-03-12,512480,半导体ETF,3,0.5700000000000001,NeoQuasar/Kronos-small,NeoQuasar/Kronos-Tokenizer-base,cuda:0,120,24,1,1.128,1.123763084411621,1.049,-0.0037561655044555664,-0.0700354609929078,0.06627929548845224,0.06627929548845224,0.004392945010445565,DOWN,DOWN,True,0.944,1.119,0.15514184397163125,PASS,
2025-03-12_512100_RECONSTRUCTED,2025-03-12,512100,中证1000ETF,4,0.57,NeoQuasar/Kronos-small,NeoQuasar/Kronos-Tokenizer-base,cuda:0,120,24,1,2.587,2.3180410861968994,2.294,-0.10396552085876465,-0.11325860069578664,0.00929307983702199,0.00929307983702199,8.636133285726464e-05,DOWN,DOWN,True,2.178,2.604,0.1646695013529185,PASS,
2025-03-12_512690_RECONSTRUCTED,2025-03-12,512690,酒ETF,5,0.565,NeoQuasar/Kronos-small,NeoQuasar/Kronos-Tokenizer-base,cuda:0,120,24,1,0.624,0.6073543429374695,0.614,-0.026675760746002197,-0.01602564102564108,-0.010650119720361118,0.010650119720361118,0.00011342505005802477,DOWN,DOWN,True,0.594,0.652,0.09294871794871803,PASS,
2025-03-13_588000_RECONSTRUCTED,2025-03-13,588000,科创50ETF,1,0.71,NeoQuasar/Kronos-small,NeoQuasar/Kronos-Tokenizer-base,cuda:0,120,24,1,1.126,0.9254621267318726,1.066,-0.17809760570526123,-0.053285968028419006,-0.12481163767684222,0.12481163767684222,0.015577944899575341,DOWN,DOWN,True,0.97,1.146,0.15630550621669623,PASS,
2025-03-13_588080_RECONSTRUCTED,2025-03-13,588080,科创板50ETF,2,0.6300000000000001,NeoQuasar/Kronos-small,NeoQuasar/Kronos-Tokenizer-base,cuda:0,120,24,1,1.081,1.0906747579574585,1.025,0.008949875831604004,-0.0518038852913969,0.060753761123000904,0.060753761123000904,0.003691019490590656,UP,DOWN,False,0.939,1.101,0.14986123959296951,PASS,
2025-03-13_512100_RECONSTRUCTED,2025-03-13,512100,中证1000ETF,3,0.59,NeoQuasar/Kronos-small,NeoQuasar/Kronos-Tokenizer-base,cuda:0,120,24,1,2.547,2.4360415935516357,2.295,-0.0435643196105957,-0.09893992932862195,0.05537560971802624,0.05537560971802624,0.003066458151643162,DOWN,DOWN,True,2.178,2.604,0.16725559481743232,PASS,
2025-03-13_512660_RECONSTRUCTED,2025-03-13,512660,军工ETF,4,0.59,NeoQuasar/Kronos-small,NeoQuasar/Kronos-Tokenizer-base,cuda:0,120,24,1,1.093,1.1023390293121338,1.001,0.008544325828552246,-0.08417200365965238,0.09271632948820463,0.09271632948820463,0.008596317753765324,UP,DOWN,False,0.927,1.095,0.15370539798719116,PASS,
2025-03-13_512480_RECONSTRUCTED,2025-03-13,512480,半导体ETF,5,0.54,NeoQuasar/Kronos-small,NeoQuasar/Kronos-Tokenizer-base,cuda:0,120,24,1,1.095,1.0597623586654663,1.055,-0.0321805477142334,-0.0365296803652968,0.004349132651063403,0.004349132651063403,1.8914954816545787e-05,DOWN,DOWN,True,0.944,1.119,0.15981735159817356,PASS,
2025-03-14_588000_RECONSTRUCTED,2025-03-14,588000,科创50ETF,1,0.6900000000000002,NeoQuasar/Kronos-small,NeoQuasar/Kronos-Tokenizer-base,cuda:0,120,24,1,1.146,1.1250336170196533,1.059,-0.0182952880859375,-0.07591623036649209,0.05762094228055459,0.05762094228055459,0.0033201729892990035,DOWN,DOWN,True,0.97,1.146,0.15357766143106452,PASS,
2025-03-14_588080_RECONSTRUCTED,2025-03-14,588080,科创板50ETF,2,0.6100000000000001,NeoQuasar/Kronos-small,NeoQuasar/Kronos-Tokenizer-base,cuda:0,120,24,1,1.101,1.0406768321990967,1.018,-0.05478936433792114,-0.07538601271571299,0.02059664837779185,0.02059664837779185,0.0004242219243983956,DOWN,DOWN,True,0.939,1.101,0.1471389645776567,PASS,
2025-03-14_512100_RECONSTRUCTED,2025-03-14,512100,中证1000ETF,3,0.555,NeoQuasar/Kronos-small,NeoQuasar/Kronos-Tokenizer-base,cuda:0,120,24,1,2.59,2.4067811965942383,2.291,-0.07074081897735596,-0.11544401544401539,0.044703196466659434,0.044703196466659434,0.0019983757743367524,DOWN,DOWN,True,2.178,2.604,0.16447876447876456,PASS,
2025-03-14_512660_RECONSTRUCTED,2025-03-14,512660,军工ETF,4,0.55,NeoQuasar/Kronos-small,NeoQuasar/Kronos-Tokenizer-base,cuda:0,120,24,1,1.095,1.0311849117279053,0.995,-0.05827862024307251,-0.091324200913242,0.033045580670169494,0.033045580670169494,0.0010920104018286797,DOWN,DOWN,True,0.927,1.091,0.14977168949771683,PASS,
2025-03-14_512690_RECONSTRUCTED,2025-03-14,512690,酒ETF,5,0.5449999999999999,NeoQuasar/Kronos-small,NeoQuasar/Kronos-Tokenizer-base,cuda:0,120,24,1,0.652,0.6361490488052368,0.614,-0.024311304092407227,-0.05828220858895705,0.033970904496549825,0.033970904496549825,0.0011540223523137092,DOWN,DOWN,True,0.594,0.652,0.088957055214724,PASS,
2025-03-17_588000_RECONSTRUCTED,2025-03-17,588000,科创50ETF,1,0.635,NeoQuasar/Kronos-small,NeoQuasar/Kronos-Tokenizer-base,cuda:0,120,24,1,1.14,1.123291254043579,1.07,-0.014656782150268555,-0.06140350877192968,0.04674672662166113,0.04674672662166113,0.0021852564498403212,DOWN,DOWN,True,0.97,1.146,0.15438596491228065,PASS,
2025-03-17_588080_RECONSTRUCTED,2025-03-17,588080,科创板50ETF,2,0.5850000000000001,NeoQuasar/Kronos-small,NeoQuasar/Kronos-Tokenizer-base,cuda:0,120,24,1,1.095,0.9145675897598267,1.028,-0.164778470993042,-0.061187214611872154,-0.10359125638116984,0.10359125638116984,0.010731148398629261,DOWN,DOWN,True,0.939,1.101,0.14794520547945209,PASS,
2025-03-17_512100_RECONSTRUCTED,2025-03-17,512100,中证1000ETF,3,0.5750000000000001,NeoQuasar/Kronos-small,NeoQuasar/Kronos-Tokenizer-base,cuda:0,120,24,1,2.593,2.518434762954712,2.339,-0.028756320476531982,-0.09795603548013887,0.06919971500360689,0.06919971500360689,0.004788600556580416,DOWN,DOWN,True,2.178,2.604,0.16428846895487859,PASS,
2025-03-17_512690_RECONSTRUCTED,2025-03-17,512690,酒ETF,4,0.5449999999999999,NeoQuasar/Kronos-small,NeoQuasar/Kronos-Tokenizer-base,cuda:0,120,24,1,0.652,0.6193798780441284,0.608,-0.05003088712692261,-0.06748466257668717,0.017453775449764564,0.017453775449764564,0.0003046342774508042,DOWN,DOWN,True,0.594,0.646,0.07975460122699393,PASS,
2025-03-17_512480_RECONSTRUCTED,2025-03-17,512480,半导体ETF,5,0.54,NeoQuasar/Kronos-small,NeoQuasar/Kronos-Tokenizer-base,cuda:0,120,24,1,1.111,1.051293969154358,1.055,-0.053740739822387695,-0.05040504050405048,-0.0033356993183372152,0.0033356993183372152,1.1126889942355362e-05,DOWN,DOWN,True,0.944,1.119,0.15751575157515757,PASS,
2025-03-18_588000_RECONSTRUCTED,2025-03-18,588000,科创50ETF,1,0.655,NeoQuasar/Kronos-small,NeoQuasar/Kronos-Tokenizer-base,cuda:0,120,24,1,1.146,1.0806961059570312,1.066,-0.05698424577713013,-0.06980802792321106,0.012823782146080931,0.012823782146080931,0.00016444938853014404,DOWN,DOWN,True,0.97,1.131,0.14048865619546252,PASS,
2025-03-18_588080_RECONSTRUCTED,2025-03-18,588080,科创板50ETF,2,0.645,NeoQuasar/Kronos-small,NeoQuasar/Kronos-Tokenizer-base,cuda:0,120,24,1,1.101,0.8544014692306519,1.026,-0.22397685050964355,-0.0681198910081744,-0.15585695950146916,0.15585695950146916,0.0242913918250426,DOWN,DOWN,True,0.939,1.088,0.13533151680290656,PASS,
2025-03-18_512100_RECONSTRUCTED,2025-03-18,512100,中证1000ETF,3,0.6,NeoQuasar/Kronos-small,NeoQuasar/Kronos-Tokenizer-base,cuda:0,120,24,1,2.604,2.4987289905548096,2.339,-0.040426671504974365,-0.1017665130568357,0.06133984155186134,0.06133984155186134,0.003762576161607455,DOWN,DOWN,True,2.178,2.586,0.15668202764976955,PASS,
2025-03-18_512480_RECONSTRUCTED,2025-03-18,512480,半导体ETF,4,0.56,NeoQuasar/Kronos-small,NeoQuasar/Kronos-Tokenizer-base,cuda:0,120,24,1,1.119,1.04756498336792,1.053,-0.06383824348449707,-0.05898123324396787,-0.004857010240529203,0.004857010240529203,2.3590548476605543e-05,DOWN,DOWN,True,0.944,1.105,0.1438784629133155,PASS,
2025-03-18_512660_RECONSTRUCTED,2025-03-18,512660,军工ETF,5,0.54,NeoQuasar/Kronos-small,NeoQuasar/Kronos-Tokenizer-base,cuda:0,120,24,1,1.088,1.105357050895691,1.006,0.01595306396484375,-0.0753676470588236,0.09132071102366734,0.09132071102366734,0.008339472261868158,UP,DOWN,False,0.927,1.082,0.14246323529411767,PASS,
2025-03-19_588000_RECONSTRUCTED,2025-03-19,588000,科创50ETF,1,0.6000000000000001,NeoQuasar/Kronos-small,NeoQuasar/Kronos-Tokenizer-base,cuda:0,120,24,1,1.131,1.0828224420547485,1.063,-0.04259735345840454,-0.060123784261715385,0.017526430803310844,0.017526430803310844,0.0003071757767032432,DOWN,DOWN,True,0.97,1.119,0.13174182139699384,PASS,
2025-03-19_512100_RECONSTRUCTED,2025-03-19,512100,中证1000ETF,2,0.5800000000000001,NeoQuasar/Kronos-small,NeoQuasar/Kronos-Tokenizer-base,cuda:0,120,24,1,2.586,2.512810707092285,2.353,-0.028302133083343506,-0.09010054137664336,0.061798408293299856,0.061798408293299856,0.0038190432675853925,DOWN,DOWN,True,2.178,2.575,0.15351894818252138,PASS,
2025-03-19_510050_RECONSTRUCTED,2025-03-19,510050,上证50ETF,3,0.54,NeoQuasar/Kronos-small,NeoQuasar/Kronos-Tokenizer-base,cuda:0,120,24,1,2.729,2.700585126876831,2.628,-0.010412216186523438,-0.03700989373396846,0.02659767754744502,0.02659767754744502,0.000707436450917861,DOWN,DOWN,True,2.491,2.699,0.07621839501648946,PASS,
2025-03-19_588080_RECONSTRUCTED,2025-03-19,588080,科创板50ETF,4,0.54,NeoQuasar/Kronos-small,NeoQuasar/Kronos-Tokenizer-base,cuda:0,120,24,1,1.088,1.0660978555679321,1.022,-0.020130693912506104,-0.06066176470588236,0.040531070793376256,0.040531070793376256,0.0016427676996576778,DOWN,DOWN,True,0.939,1.075,0.125,PASS,
2025-03-19_512690_RECONSTRUCTED,2025-03-19,512690,酒ETF,5,0.52,NeoQuasar/Kronos-small,NeoQuasar/Kronos-Tokenizer-base,cuda:0,120,24,1,0.641,0.5778267979621887,0.605,-0.09855407476425171,-0.05616224648985968,-0.04239182827439203,0.04239182827439203,0.0017970671044455434,DOWN,DOWN,True,0.594,0.631,0.057722308892355745,PASS,
2025-03-20_512100_RECONSTRUCTED,2025-03-20,512100,中证1000ETF,1,0.6,NeoQuasar/Kronos-small,NeoQuasar/Kronos-Tokenizer-base,cuda:0,120,24,1,2.575,2.482487201690674,2.33,-0.03592729568481445,-0.09514563106796114,0.05921833538314669,0.05921833538314669,0.0035068112455508434,DOWN,DOWN,True,2.178,2.521,0.13320388349514561,PASS,
2025-03-20_159937_RECONSTRUCTED,2025-03-20,159937,黄金ETF,2,0.5850000000000001,NeoQuasar/Kronos-small,NeoQuasar/Kronos-Tokenizer-base,cuda:0,120,24,1,6.799,5.922445297241211,7.565,-0.12892401218414307,0.11266362700397115,-0.2415876391881142,0.2415876391881142,0.058364587408486455,DOWN,UP,False,6.759,7.967,0.17767318723341657,PASS,
2025-03-20_588080_RECONSTRUCTED,2025-03-20,588080,科创板50ETF,3,0.5750000000000001,NeoQuasar/Kronos-small,NeoQuasar/Kronos-Tokenizer-base,cuda:0,120,24,1,1.075,0.9741548299789429,1.012,-0.09380948543548584,-0.05860465116279068,-0.03520483427269516,0.03520483427269516,0.001239380356167932,DOWN,DOWN,True,0.939,1.057,0.10976744186046511,PASS,
2025-03-20_512660_RECONSTRUCTED,2025-03-20,512660,军工ETF,4,0.575,NeoQuasar/Kronos-small,NeoQuasar/Kronos-Tokenizer-base,cuda:0,120,24,1,1.082,1.0955435037612915,0.995,0.012517094612121582,-0.08040665434380778,0.09292374895592936,0.09292374895592936,0.008634823120024584,UP,DOWN,False,0.927,1.077,0.13863216266173742,PASS,
2025-03-20_588000_RECONSTRUCTED,2025-03-20,588000,科创50ETF,5,0.55,NeoQuasar/Kronos-small,NeoQuasar/Kronos-Tokenizer-base,cuda:0,120,24,1,1.119,1.1660205125808716,1.052,0.042020201683044434,-0.05987488829311882,0.10189508997616326,0.10189508997616326,0.010382609361250406,UP,DOWN,False,0.97,1.101,0.11706881143878463,PASS,
2025-03-21_159937_RECONSTRUCTED,2025-03-21,159937,黄金ETF,1,0.665,NeoQuasar/Kronos-small,NeoQuasar/Kronos-Tokenizer-base,cuda:0,120,24,1,6.761,6.100312232971191,7.519,-0.0977204442024231,0.11211359266380705,-0.20983403686623014,0.20983403686623014,0.04403032302757843,DOWN,UP,False,6.759,7.967,0.17867179411329676,PASS,
2025-03-21_512660_RECONSTRUCTED,2025-03-21,512660,军工ETF,2,0.575,NeoQuasar/Kronos-small,NeoQuasar/Kronos-Tokenizer-base,cuda:0,120,24,1,1.077,1.102890968322754,0.998,0.024039864540100098,-0.07335190343546882,0.09739176797556892,0.09739176797556892,0.009485156469407053,UP,DOWN,False,0.927,1.059,0.12256267409470743,PASS,
2025-03-21_510050_RECONSTRUCTED,2025-03-21,510050,上证50ETF,3,0.5599999999999999,NeoQuasar/Kronos-small,NeoQuasar/Kronos-Tokenizer-base,cuda:0,120,24,1,2.654,2.7260231971740723,2.63,0.0271376371383667,-0.009042954031650341,0.03618059117001704,0.03618059117001704,0.001309035177411915,UP,DOWN,False,2.491,2.672,0.06819894498869633,PASS,
2025-03-21_512800_RECONSTRUCTED,2025-03-21,512800,银行ETF,4,0.5550000000000002,NeoQuasar/Kronos-small,NeoQuasar/Kronos-Tokenizer-base,cuda:0,120,24,1,0.759,0.724151074886322,0.773,-0.045914292335510254,0.01844532279314892,-0.06435961512865918,0.06435961512865918,0.004142160059509135,DOWN,UP,False,0.736,0.775,0.05138339920948621,PASS,
2025-03-21_512100_RECONSTRUCTED,2025-03-21,512100,中证1000ETF,5,0.5349999999999999,NeoQuasar/Kronos-small,NeoQuasar/Kronos-Tokenizer-base,cuda:0,120,24,1,2.521,2.5526208877563477,2.335,0.012543082237243652,-0.07378024593415311,0.08632332817139676,0.08632332817139676,0.007451716986586662,UP,DOWN,False,2.178,2.501,0.1281237604125347,PASS,
2025-03-24_512800_RECONSTRUCTED,2025-03-24,512800,银行ETF,1,0.7150000000000001,NeoQuasar/Kronos-small,NeoQuasar/Kronos-Tokenizer-base,cuda:0,120,24,1,0.766,0.7254160642623901,0.779,-0.05298161506652832,0.016971279373368064,-0.06995289443989638,0.06995289443989638,0.004893407440519287,DOWN,UP,False,0.736,0.779,0.056135770234987,PASS,
2025-03-24_159937_RECONSTRUCTED,2025-03-24,159937,黄金ETF,2,0.665,NeoQuasar/Kronos-small,NeoQuasar/Kronos-Tokenizer-base,cuda:0,120,24,1,6.768,5.869825839996338,7.456,-0.13270896673202515,0.10165484633569744,-0.23436381306772258,0.23436381306772258,0.054926396875642415,DOWN,UP,False,6.759,7.967,0.1784869976359337,PASS,
2025-03-24_510050_RECONSTRUCTED,2025-03-24,510050,上证50ETF,3,0.59,NeoQuasar/Kronos-small,NeoQuasar/Kronos-Tokenizer-base,cuda:0,120,24,1,2.672,2.7697031497955322,2.631,0.036565542221069336,-0.015344311377245679,0.051909853598315014,0.051909853598315014,0.0026946329005984983,UP,DOWN,False,2.491,2.672,0.06773952095808385,PASS,
2025-03-24_510300_RECONSTRUCTED,2025-03-24,510300,沪深300ETF,4,0.535,NeoQuasar/Kronos-small,NeoQuasar/Kronos-Tokenizer-base,cuda:0,120,24,1,3.816,3.5877468585968018,3.665,-0.05981475114822388,-0.039570230607966383,-0.020244520540257493,0.020244520540257493,0.00040984061190490757,DOWN,DOWN,True,3.484,3.818,0.08752620545073378,PASS,
2025-03-24_159996_RECONSTRUCTED,2025-03-24,159996,家电ETF,5,0.52,NeoQuasar/Kronos-small,NeoQuasar/Kronos-Tokenizer-base,cuda:0,120,24,1,1.426,1.3540114164352417,1.291,-0.050482869148254395,-0.0946704067321178,0.0441875375838634,0.0441875375838634,0.0019525384777253406,DOWN,DOWN,True,1.219,1.416,0.13814866760168293,PASS,
2025-03-25_512800_RECONSTRUCTED,2025-03-25,512800,银行ETF,1,0.6950000000000001,NeoQuasar/Kronos-small,NeoQuasar/Kronos-Tokenizer-base,cuda:0,120,24,1,0.77,0.7386680841445923,0.777,-0.04069077968597412,0.009090909090909038,-0.04978168877688316,0.04978168877688316,0.0024782165374784546,DOWN,UP,False,0.736,0.779,0.05584415584415589,PASS,
2025-03-25_510050_RECONSTRUCTED,2025-03-25,510050,上证50ETF,2,0.67,NeoQuasar/Kronos-small,NeoQuasar/Kronos-Tokenizer-base,cuda:0,120,24,1,2.672,2.6637697219848633,2.626,-0.0030801892280578613,-0.0172155688622756,0.014135379634217737,0.014135379634217737,0.00019980895740345756,DOWN,DOWN,True,2.491,2.67,0.06699101796407178,PASS,
2025-03-25_159937_RECONSTRUCTED,2025-03-25,159937,黄金ETF,3,0.665,NeoQuasar/Kronos-small,NeoQuasar/Kronos-Tokenizer-base,cuda:0,120,24,1,6.759,5.909525394439697,7.503,-0.12568050622940063,0.11007545494895687,-0.2357559611783575,0.2357559611783575,0.055580873231131214,DOWN,UP,False,6.783,7.967,0.17517384228436148,PASS,
2025-03-25_510300_RECONSTRUCTED,2025-03-25,510300,沪深300ETF,4,0.5650000000000001,NeoQuasar/Kronos-small,NeoQuasar/Kronos-Tokenizer-base,cuda:0,120,24,1,3.818,3.6449999809265137,3.658,-0.045311689376831055,-0.04190675746464123,-0.0034049319121898236,0.0034049319121898236,1.159356132664865e-05,DOWN,DOWN,True,3.484,3.816,0.08695652173913039,PASS,
2025-03-25_159996_RECONSTRUCTED,2025-03-25,159996,家电ETF,5,0.54,NeoQuasar/Kronos-small,NeoQuasar/Kronos-Tokenizer-base,cuda:0,120,24,1,1.414,1.3358688354492188,1.296,-0.0552554726600647,-0.08345120226308333,0.028195729603018638,0.028195729603018638,0.0007949991678465416,DOWN,DOWN,True,1.219,1.416,0.13932107496463922,PASS,
2025-03-26_159937_RECONSTRUCTED,2025-03-26,159937,黄金ETF,1,0.685,NeoQuasar/Kronos-small,NeoQuasar/Kronos-Tokenizer-base,cuda:0,120,24,1,6.783,6.218497276306152,7.457,-0.08322316408157349,0.09936606221435929,-0.18258922629593277,0.18258922629593277,0.03333882555934735,DOWN,UP,False,6.797,7.967,0.17249004865103934,PASS,
2025-03-26_512800_RECONSTRUCTED,2025-03-26,512800,银行ETF,2,0.645,NeoQuasar/Kronos-small,NeoQuasar/Kronos-Tokenizer-base,cuda:0,120,24,1,0.759,0.7028112411499023,0.76,-0.07402998208999634,0.0013175230566535578,-0.0753475051466499,0.0753475051466499,0.005677246531824433,DOWN,UP,False,0.736,0.779,0.056653491436100184,PASS,
2025-03-26_510050_RECONSTRUCTED,2025-03-26,510050,上证50ETF,3,0.55,NeoQuasar/Kronos-small,NeoQuasar/Kronos-Tokenizer-base,cuda:0,120,24,1,2.656,2.5136656761169434,2.613,-0.053589701652526855,-0.016189759036144613,-0.03739994261638224,0.03739994261638224,0.0013987557077086846,DOWN,DOWN,True,2.491,2.67,0.06739457831325295,PASS,
2025-03-26_512690_RECONSTRUCTED,2025-03-26,512690,酒ETF,4,0.54,NeoQuasar/Kronos-small,NeoQuasar/Kronos-Tokenizer-base,cuda:0,120,24,1,0.623,0.6691020131111145,0.595,0.07400000095367432,-0.0449438202247191,0.11894382117839342,0.11894382117839342,0.01414763259651763,UP,DOWN,False,0.594,0.629,0.05617977528089892,PASS,
2025-03-26_510500_RECONSTRUCTED,2025-03-26,510500,中证500ETF,5,0.53,NeoQuasar/Kronos-small,NeoQuasar/Kronos-Tokenizer-base,cuda:0,120,24,1,5.879,6.11403226852417,5.564,0.0399782657623291,-0.05358054090831765,0.09355880667064675,0.09355880667064675,0.008753250305635455,UP,DOWN,False,5.218,5.894,0.11498554175880256,PASS,
2025-03-27_159937_RECONSTRUCTED,2025-03-27,159937,黄金ETF,1,0.725,NeoQuasar/Kronos-small,NeoQuasar/Kronos-Tokenizer-base,cuda:0,120,24,1,6.797,6.06547737121582,7.597,-0.107624351978302,0.11769898484625574,-0.22532333682455774,0.22532333682455774,0.0507706061177531,DOWN,UP,False,6.863,7.967,0.16242459908783274,PASS,
2025-03-27_512800_RECONSTRUCTED,2025-03-27,512800,银行ETF,2,0.625,NeoQuasar/Kronos-small,NeoQuasar/Kronos-Tokenizer-base,cuda:0,120,24,1,0.762,0.7258500456809998,0.76,-0.04744088649749756,-0.002624671916010457,-0.0448162145814871,0.0448162145814871,0.002008493089413897,DOWN,DOWN,True,0.736,0.779,0.05643044619422577,PASS,
2025-03-27_159992_RECONSTRUCTED,2025-03-27,159992,创新药ETF,3,0.5950000000000002,NeoQuasar/Kronos-small,NeoQuasar/Kronos-Tokenizer-base,cuda:0,120,24,1,0.745,0.7371515035629272,0.739,-0.010534882545471191,-0.008053691275167751,-0.00248119127030344,0.00248119127030344,6.156310119829998e-06,DOWN,DOWN,True,0.686,0.771,0.11409395973154357,PASS,
2025-03-27_512690_RECONSTRUCTED,2025-03-27,512690,酒ETF,4,0.545,NeoQuasar/Kronos-small,NeoQuasar/Kronos-Tokenizer-base,cuda:0,120,24,1,0.629,0.6809495687484741,0.597,0.08259069919586182,-0.05087440381558028,0.1334651030114421,0.1334651030114421,0.01781293372185485,UP,DOWN,False,0.594,0.625,0.049284578696343444,PASS,
2025-03-27_510050_RECONSTRUCTED,2025-03-27,510050,上证50ETF,5,0.51,NeoQuasar/Kronos-small,NeoQuasar/Kronos-Tokenizer-base,cuda:0,120,24,1,2.67,2.5789170265197754,2.627,-0.034113526344299316,-0.01610486891385776,-0.018008657430441555,0.018008657430441555,0.00032431174244699785,DOWN,DOWN,True,2.491,2.658,0.06254681647940068,PASS,
2025-03-28_159937_RECONSTRUCTED,2025-03-28,159937,黄金ETF,1,0.725,NeoQuasar/Kronos-small,NeoQuasar/Kronos-Tokenizer-base,cuda:0,120,24,1,6.927,5.97061014175415,7.657,-0.13806694746017456,0.10538472643279917,-0.24345167389297373,0.24345167389297373,0.05926871752129083,DOWN,UP,False,6.863,7.967,0.15937635339974005,PASS,
2025-03-28_159992_RECONSTRUCTED,2025-03-28,159992,创新药ETF,2,0.64,NeoQuasar/Kronos-small,NeoQuasar/Kronos-Tokenizer-base,cuda:0,120,24,1,0.745,0.7158768177032471,0.729,-0.039091527462005615,-0.021476510067114152,-0.017615017394891463,0.017615017394891463,0.00031028883782232886,DOWN,DOWN,True,0.686,0.771,0.11409395973154357,PASS,
2025-03-28_159996_RECONSTRUCTED,2025-03-28,159996,家电ETF,3,0.575,NeoQuasar/Kronos-small,NeoQuasar/Kronos-Tokenizer-base,cuda:0,120,24,1,1.405,1.3531293869018555,1.334,-0.036918580532073975,-0.05053380782918149,0.013615227297107513,0.013615227297107513,0.00018537441435190154,DOWN,DOWN,True,1.219,1.403,0.13096085409252664,PASS,
2025-03-28_510500_RECONSTRUCTED,2025-03-28,510500,中证500ETF,4,0.555,NeoQuasar/Kronos-small,NeoQuasar/Kronos-Tokenizer-base,cuda:0,120,24,1,5.847,5.722988128662109,5.681,-0.0212094783782959,-0.028390627672310598,0.007181149294014699,0.007181149294014699,5.156890518292781e-05,DOWN,DOWN,True,5.218,5.831,0.1048400889344964,PASS,
2025-03-28_512690_RECONSTRUCTED,2025-03-28,512690,酒ETF,5,0.535,NeoQuasar/Kronos-small,NeoQuasar/Kronos-Tokenizer-base,cuda:0,120,24,1,0.623,0.6203674077987671,0.599,-0.004225730895996094,-0.038523274478330705,0.03429754358233461,0.03429754358233461,0.001176321495782142,DOWN,DOWN,True,0.594,0.625,0.04975922953451048,PASS,
2025-03-31_159937_RECONSTRUCTED,2025-03-31,159937,黄金ETF,1,0.725,NeoQuasar/Kronos-small,NeoQuasar/Kronos-Tokenizer-base,cuda:0,120,24,1,6.993,6.084929466247559,7.541,-0.1298542022705078,0.07836407836407844,-0.20821828063458625,0.20821828063458625,0.04335485239042332,DOWN,UP,False,6.863,7.967,0.15787215787215775,PASS,
2025-03-31_159992_RECONSTRUCTED,2025-03-31,159992,创新药ETF,2,0.6200000000000002,NeoQuasar/Kronos-small,NeoQuasar/Kronos-Tokenizer-base,cuda:0,120,24,1,0.74,0.7480431199073792,0.729,0.010869026184082031,-0.014864864864864824,0.025733891048946855,0.025733891048946855,0.0006622331485190671,UP,DOWN,False,0.686,0.771,0.11486486486486482,PASS,
2025-03-31_159996_RECONSTRUCTED,2025-03-31,159996,家电ETF,3,0.62,NeoQuasar/Kronos-small,NeoQuasar/Kronos-Tokenizer-base,cuda:0,120,24,1,1.403,1.3609153032302856,1.346,-0.029996216297149658,-0.040627227369921526,0.010631011072771868,0.010631011072771868,0.00011301839642939805,DOWN,DOWN,True,1.219,1.397,0.12687099073414107,PASS,
2025-03-31_512800_RECONSTRUCTED,2025-03-31,512800,银行ETF,4,0.5950000000000001,NeoQuasar/Kronos-small,NeoQuasar/Kronos-Tokenizer-base,cuda:0,120,24,1,0.762,0.7324907183647156,0.779,-0.03872615098953247,0.022309711286089273,-0.061035862275621744,0.061035862275621744,0.0037253764837286655,DOWN,UP,False,0.736,0.779,0.05643044619422577,PASS,
2025-03-31_510050_RECONSTRUCTED,2025-03-31,510050,上证50ETF,5,0.57,NeoQuasar/Kronos-small,NeoQuasar/Kronos-Tokenizer-base,cuda:0,120,24,1,2.645,2.573653221130371,2.662,-0.026974201202392578,0.006427221172022657,-0.033401422374415235,0.033401422374415235,0.0011156550166340866,DOWN,UP,False,2.491,2.662,0.06465028355387517,PASS,
2025-04-01_159937_RECONSTRUCTED,2025-04-01,159937,黄金ETF,1,0.725,NeoQuasar/Kronos-small,NeoQuasar/Kronos-Tokenizer-base,cuda:0,120,24,1,7.049,5.987931251525879,7.517,-0.15052753686904907,0.06639239608455094,-0.21691993295360001,0.21691993295360001,0.04705425731259433,DOWN,UP,False,6.863,7.967,0.15661795999432532,PASS,
2025-04-01_159992_RECONSTRUCTED,2025-04-01,159992,创新药ETF,2,0.6250000000000001,NeoQuasar/Kronos-small,NeoQuasar/Kronos-Tokenizer-base,cuda:0,120,24,1,0.771,0.7052585482597351,0.731,-0.08526778221130371,-0.05188067444876787,-0.03338710776253584,0.03338710776253584,0.001114698964747181,DOWN,DOWN,True,0.686,0.764,0.10116731517509722,PASS,
2025-04-01_512010_RECONSTRUCTED,2025-04-01,512010,医药ETF,3,0.6100000000000001,NeoQuasar/Kronos-small,NeoQuasar/Kronos-Tokenizer-base,cuda:0,120,24,1,0.374,0.371707558631897,0.358,-0.006129562854766846,-0.042780748663101664,0.03665118580833482,0.03665118580833482,0.0013433094211570836,DOWN,DOWN,True,0.342,0.369,0.07219251336898387,PASS,
2025-04-01_512800_RECONSTRUCTED,2025-04-01,512800,银行ETF,4,0.56,NeoQuasar/Kronos-small,NeoQuasar/Kronos-Tokenizer-base,cuda:0,120,24,1,0.758,0.7393856048583984,0.789,-0.024557292461395264,0.04089709762532978,-0.06545439008672504,0.06545439008672504,0.00428427718162517,DOWN,UP,False,0.736,0.789,0.06992084432717684,PASS,
2025-04-01_159996_RECONSTRUCTED,2025-04-01,159996,家电ETF,5,0.5199999999999999,NeoQuasar/Kronos-small,NeoQuasar/Kronos-Tokenizer-base,cuda:0,120,24,1,1.391,1.3215923309326172,1.347,-0.04989767074584961,-0.03163191948238675,-0.01826575126346286,0.01826575126346286,0.000333637669218695,DOWN,DOWN,True,1.219,1.397,0.1279654924514737,PASS,
2025-04-02_159937_RECONSTRUCTED,2025-04-02,159937,黄金ETF,1,0.725,NeoQuasar/Kronos-small,NeoQuasar/Kronos-Tokenizer-base,cuda:0,120,24,1,7.028,6.106899261474609,7.362,-0.13106155395507812,0.047524188958451896,-0.17858574291353002,0.17858574291353002,0.031892867571977436,DOWN,UP,False,6.863,7.967,0.1570859419464996,PASS,
2025-04-02_159992_RECONSTRUCTED,2025-04-02,159992,创新药ETF,2,0.6250000000000001,NeoQuasar/Kronos-small,NeoQuasar/Kronos-Tokenizer-base,cuda:0,120,24,1,0.764,0.6878945827484131,0.72,-0.09961444139480591,-0.05759162303664922,-0.04202281835815669,0.04202281835815669,0.0017659172627626308,DOWN,DOWN,True,0.686,0.762,0.09947643979057585,PASS,
2025-04-02_512010_RECONSTRUCTED,2025-04-02,512010,医药ETF,3,0.56,NeoQuasar/Kronos-small,NeoQuasar/Kronos-Tokenizer-base,cuda:0,120,24,1,0.369,0.3792681396007538,0.357,0.027827024459838867,-0.0325203252032521,0.060347349663090966,0.060347349663090966,0.0036418026113593654,UP,DOWN,False,0.342,0.366,0.06504065040650397,PASS,
2025-04-02_512100_RECONSTRUCTED,2025-04-02,512100,中证1000ETF,4,0.5449999999999999,NeoQuasar/Kronos-small,NeoQuasar/Kronos-Tokenizer-base,cuda:0,120,24,1,2.47,2.5143768787384033,2.43,0.017966389656066895,-0.01619433198380571,0.034160721639872604,0.034160721639872604,0.0011669549029568605,UP,DOWN,False,2.178,2.441,0.10647773279352221,PASS,
2025-04-02_512800_RECONSTRUCTED,2025-04-02,512800,银行ETF,5,0.5449999999999999,NeoQuasar/Kronos-small,NeoQuasar/Kronos-Tokenizer-base,cuda:0,120,24,1,0.764,0.7251197099685669,0.791,-0.050890445709228516,0.035340314136125706,-0.08623075984535422,0.08623075984535422,0.007435743943507154,DOWN,UP,False,0.736,0.791,0.07198952879581158,PASS,
2025-04-03_159937_RECONSTRUCTED,2025-04-03,159937,黄金ETF,1,0.725,NeoQuasar/Kronos-small,NeoQuasar/Kronos-Tokenizer-base,cuda:0,120,24,1,7.082,5.997363567352295,7.317,-0.15315395593643188,0.03318271674668183,-0.1863366726831137,0.1863366726831137,0.03472135558661386,DOWN,UP,False,6.863,7.967,0.15588816718441106,PASS,
2025-04-03_159992_RECONSTRUCTED,2025-04-03,159992,创新药ETF,2,0.6250000000000001,NeoQuasar/Kronos-small,NeoQuasar/Kronos-Tokenizer-base,cuda:0,120,24,1,0.762,0.7180594801902771,0.728,-0.05766475200653076,-0.044619422572178546,-0.013045329434352215,0.013045329434352215,0.0001701806200507763,DOWN,DOWN,True,0.686,0.739,0.06955380577427812,PASS,
2025-04-03_512800_RECONSTRUCTED,2025-04-03,512800,银行ETF,3,0.5950000000000001,NeoQuasar/Kronos-small,NeoQuasar/Kronos-Tokenizer-base,cuda:0,120,24,1,0.767,0.7071713209152222,0.803,-0.07800352573394775,0.046936114732724965,-0.12493964046667272,0.12493964046667272,0.015609913759941443,DOWN,UP,False,0.736,0.803,0.08735332464146031,PASS,
2025-04-03_512100_RECONSTRUCTED,2025-04-03,512100,中证1000ETF,4,0.54,NeoQuasar/Kronos-small,NeoQuasar/Kronos-Tokenizer-base,cuda:0,120,24,1,2.441,2.5570600032806396,2.421,0.0475461483001709,-0.008193363375665674,0.05573951167583657,0.05573951167583657,0.0031068931618607218,UP,DOWN,False,2.178,2.43,0.10323637853338806,PASS,
2025-04-03_510300_RECONSTRUCTED,2025-04-03,510300,沪深300ETF,5,0.515,NeoQuasar/Kronos-small,NeoQuasar/Kronos-Tokenizer-base,cuda:0,120,24,1,3.748,3.76794171333313,3.783,0.0053206682205200195,0.009338313767342399,-0.004017645546822379,0.004017645546822379,1.6141475739901693e-05,UP,UP,True,3.484,3.783,0.07977588046958375,PASS,
2025-04-07_159937_RECONSTRUCTED,2025-04-07,159937,黄金ETF,1,0.735,NeoQuasar/Kronos-small,NeoQuasar/Kronos-Tokenizer-base,cuda:0,120,24,1,6.863,6.330328941345215,7.264,-0.07761490345001221,0.05842925834183288,-0.1360441617918451,0.1360441617918451,0.018508013957645723,DOWN,UP,False,6.905,7.967,0.15474282383797164,PASS,
2025-04-07_159928_RECONSTRUCTED,2025-04-07,159928,消费ETF,2,0.69,NeoQuasar/Kronos-small,NeoQuasar/Kronos-Tokenizer-base,cuda:0,120,24,1,0.8,0.7857981324195862,0.833,-0.017752349376678467,0.04124999999999979,-0.059002349376678254,0.059002349376678254,0.003481277231967605,DOWN,UP,False,0.815,0.843,0.03500000000000003,PASS,
2025-04-07_512800_RECONSTRUCTED,2025-04-07,512800,银行ETF,3,0.685,NeoQuasar/Kronos-small,NeoQuasar/Kronos-Tokenizer-base,cuda:0,120,24,1,0.743,0.7484890222549438,0.81,0.007387638092041016,0.09017496635262456,-0.08278732826058355,0.08278732826058355,0.006853741720525616,UP,UP,True,0.736,0.81,0.09959623149394356,PASS,
2025-04-07_512690_RECONSTRUCTED,2025-04-07,512690,酒ETF,4,0.65,NeoQuasar/Kronos-small,NeoQuasar/Kronos-Tokenizer-base,cuda:0,120,24,1,0.594,0.6171063184738159,0.613,0.03889954090118408,0.03198653198653201,0.0069130089146520746,0.0069130089146520746,4.7789692254059054e-05,UP,UP,True,0.595,0.625,0.05050505050505055,PASS,
2025-04-07_510050_RECONSTRUCTED,2025-04-07,510050,上证50ETF,5,0.565,NeoQuasar/Kronos-small,NeoQuasar/Kronos-Tokenizer-base,cuda:0,120,24,1,2.491,2.6343963146209717,2.737,0.05756580829620361,0.09875551987153752,-0.04118971157533391,0.04118971157533391,0.0016965923396591962,UP,UP,True,2.548,2.737,0.07587314331593739,PASS,
2025-04-08_159937_RECONSTRUCTED,2025-04-08,159937,黄金ETF,1,0.735,NeoQuasar/Kronos-small,NeoQuasar/Kronos-Tokenizer-base,cuda:0,120,24,1,6.905,6.237679481506348,7.057,-0.09664309024810791,0.02201303403330912,-0.11865612428141703,0.11865612428141703,0.014079275829487084,DOWN,UP,False,6.982,7.967,0.14265025343953647,PASS,
2025-04-08_159928_RECONSTRUCTED,2025-04-08,159928,消费ETF,2,0.715,NeoQuasar/Kronos-small,NeoQuasar/Kronos-Tokenizer-base,cuda:0,120,24,1,0.83,0.8161359429359436,0.831,-0.016703665256500244,0.00120481927710836,-0.017908484533608604,0.017908484533608604,0.0003207138182904986,DOWN,UP,False,0.815,0.843,0.03373493975903617,PASS,
2025-04-08_512690_RECONSTRUCTED,2025-04-08,512690,酒ETF,3,0.7000000000000001,NeoQuasar/Kronos-small,NeoQuasar/Kronos-Tokenizer-base,cuda:0,120,24,1,0.614,0.6372606754302979,0.606,0.037883758544921875,-0.013029315960912058,0.05091307450583393,0.05091307450583393,0.002592141155636597,UP,DOWN,False,0.595,0.625,0.04885993485342024,PASS,
2025-04-08_510050_RECONSTRUCTED,2025-04-08,510050,上证50ETF,4,0.65,NeoQuasar/Kronos-small,NeoQuasar/Kronos-Tokenizer-base,cuda:0,120,24,1,2.548,2.630464553833008,2.723,0.0323643684387207,0.06868131868131866,-0.036316950242597956,0.036316950242597956,0.0013189208749233357,UP,UP,True,2.568,2.737,0.06632653061224492,PASS,
2025-04-08_512800_RECONSTRUCTED,2025-04-08,512800,银行ETF,5,0.6200000000000001,NeoQuasar/Kronos-small,NeoQuasar/Kronos-Tokenizer-base,cuda:0,120,24,1,0.743,0.726970911026001,0.808,-0.021573424339294434,0.08748317631224767,-0.1090566006515421,0.1090566006515421,0.011893342145669934,DOWN,UP,False,0.736,0.81,0.09959623149394356,PASS,
2025-04-09_159937_RECONSTRUCTED,2025-04-09,159937,黄金ETF,1,0.735,NeoQuasar/Kronos-small,NeoQuasar/Kronos-Tokenizer-base,cuda:0,120,24,1,6.982,5.892233371734619,7.163,-0.15608227252960205,0.02592380406760242,-0.18200607659720447,0.18200607659720447,0.03312621191830746,DOWN,UP,False,7.057,7.967,0.13033514752219982,PASS,
2025-04-09_512690_RECONSTRUCTED,2025-04-09,512690,酒ETF,2,0.715,NeoQuasar/Kronos-small,NeoQuasar/Kronos-Tokenizer-base,cuda:0,120,24,1,0.622,0.584282636642456,0.599,-0.06063884496688843,-0.036977491961414866,-0.023661353005473562,0.023661353005473562,0.0005598596260496328,DOWN,DOWN,True,0.595,0.625,0.04823151125401934,PASS,
2025-04-09_159928_RECONSTRUCTED,2025-04-09,159928,消费ETF,3,0.705,NeoQuasar/Kronos-small,NeoQuasar/Kronos-Tokenizer-base,cuda:0,120,24,1,0.842,0.801986813545227,0.823,-0.04752159118652344,-0.02256532066508321,-0.024956270521440227,0.024956270521440227,0.0006228154383393065,DOWN,DOWN,True,0.815,0.843,0.03325415676959623,PASS,
2025-04-09_510050_RECONSTRUCTED,2025-04-09,510050,上证50ETF,4,0.6050000000000001,NeoQuasar/Kronos-small,NeoQuasar/Kronos-Tokenizer-base,cuda:0,120,24,1,2.568,2.590118169784546,2.698,0.008612990379333496,0.050623052959501535,-0.04201006258016804,0.04201006258016804,0.001764845357989635,UP,UP,True,2.592,2.737,0.05646417445482867,PASS,
2025-04-09_512800_RECONSTRUCTED,2025-04-09,512800,银行ETF,5,0.545,NeoQuasar/Kronos-small,NeoQuasar/Kronos-Tokenizer-base,cuda:0,120,24,1,0.736,0.7276735305786133,0.801,-0.011313140392303467,0.08831521739130443,-0.0996283577836079,0.0996283577836079,0.009925809674658585,DOWN,UP,False,0.742,0.81,0.09239130434782616,PASS,
2025-04-10_159937_RECONSTRUCTED,2025-04-10,159937,黄金ETF,1,0.74,NeoQuasar/Kronos-small,NeoQuasar/Kronos-Tokenizer-base,cuda:0,120,24,1,7.134,6.1943488121032715,7.212,-0.13171446323394775,0.010933557611437994,-0.14264802084538575,0.14264802084538575,0.020348457851105606,DOWN,UP,False,7.057,7.967,0.12755817213344536,PASS,
2025-04-10_159928_RECONSTRUCTED,2025-04-10,159928,消费ETF,2,0.715,NeoQuasar/Kronos-small,NeoQuasar/Kronos-Tokenizer-base,cuda:0,120,24,1,0.843,0.7777071595191956,0.818,-0.07745295763015747,-0.029655990510083052,-0.04779696712007442,0.04779696712007442,0.002284550065877475,DOWN,DOWN,True,0.815,0.838,0.02728351126927642,PASS,
2025-04-10_512690_RECONSTRUCTED,2025-04-10,512690,酒ETF,3,0.715,NeoQuasar/Kronos-small,NeoQuasar/Kronos-Tokenizer-base,cuda:0,120,24,1,0.625,0.5936031937599182,0.592,-0.05023491382598877,-0.05280000000000007,0.0025650861740112996,0.0025650861740112996,6.579667080103927e-06,DOWN,DOWN,True,0.592,0.62,0.04480000000000004,PASS,
2025-04-10_510050_RECONSTRUCTED,2025-04-10,510050,上证50ETF,4,0.555,NeoQuasar/Kronos-small,NeoQuasar/Kronos-Tokenizer-base,cuda:0,120,24,1,2.592,2.7670304775238037,2.689,0.067527174949646,0.03742283950617287,0.03010433544347313,0.03010433544347313,0.0009062710124931525,UP,UP,True,2.597,2.737,0.05401234567901239,PASS,
2025-04-10_159992_RECONSTRUCTED,2025-04-10,159992,创新药ETF,5,0.545,NeoQuasar/Kronos-small,NeoQuasar/Kronos-Tokenizer-base,cuda:0,120,24,1,0.706,0.734754204750061,0.739,0.04072833061218262,0.04674220963172804,-0.006013879019545421,0.006013879019545421,3.6166740861728586e-05,UP,UP,True,0.708,0.739,0.043909348441926385,PASS,
2025-04-11_159937_RECONSTRUCTED,2025-04-11,159937,黄金ETF,1,0.74,NeoQuasar/Kronos-small,NeoQuasar/Kronos-Tokenizer-base,cuda:0,120,24,1,7.258,6.409371376037598,7.196,-0.11692321300506592,-0.008542298153761396,-0.10838091485130452,0.10838091485130452,0.011746422704005721,DOWN,DOWN,True,7.057,7.967,0.12537889225681995,PASS,
2025-04-11_159928_RECONSTRUCTED,2025-04-11,159928,消费ETF,2,0.67,NeoQuasar/Kronos-small,NeoQuasar/Kronos-Tokenizer-base,cuda:0,120,24,1,0.834,0.8275517821311951,0.824,-0.00773167610168457,-0.011990407673860948,0.004258731572176377,0.004258731572176377,1.813679460385188e-05,DOWN,DOWN,True,0.815,0.838,0.027577937649880122,PASS,
2025-04-11_512690_RECONSTRUCTED,2025-04-11,512690,酒ETF,3,0.6649999999999999,NeoQuasar/Kronos-small,NeoQuasar/Kronos-Tokenizer-base,cuda:0,120,24,1,0.618,0.626397430896759,0.593,0.0135880708694458,-0.04045307443365698,0.05404114530310278,0.05404114530310278,0.0029204453856710674,UP,DOWN,False,0.592,0.62,0.04530744336569583,PASS,
2025-04-11_159992_RECONSTRUCTED,2025-04-11,159992,创新药ETF,4,0.6100000000000001,NeoQuasar/Kronos-small,NeoQuasar/Kronos-Tokenizer-base,cuda:0,120,24,1,0.712,0.6813029646873474,0.756,-0.0431138277053833,0.061797752808988804,-0.1049115805143721,0.1049115805143721,0.011006439726023581,DOWN,UP,False,0.708,0.756,0.06741573033707872,PASS,
2025-04-11_512480_RECONSTRUCTED,2025-04-11,512480,半导体ETF,5,0.585,NeoQuasar/Kronos-small,NeoQuasar/Kronos-Tokenizer-base,cuda:0,120,24,1,1.055,1.1167175769805908,1.032,0.05850017070770264,-0.02180094786729847,0.08030111857500111,0.08030111857500111,0.006448269644396388,UP,DOWN,False,1.023,1.078,0.052132701421801105,PASS,
2025-04-14_159937_RECONSTRUCTED,2025-04-14,159937,黄金ETF,1,0.75,NeoQuasar/Kronos-small,NeoQuasar/Kronos-Tokenizer-base,cuda:0,120,24,1,7.316,6.218481540679932,7.424,-0.150016188621521,0.014762165117550685,-0.16477835373907168,0.16477835373907168,0.027151905860958638,DOWN,UP,False,7.057,7.967,0.12438490978676862,PASS,
2025-04-14_159928_RECONSTRUCTED,2025-04-14,159928,消费ETF,2,0.6450000000000001,NeoQuasar/Kronos-small,NeoQuasar/Kronos-Tokenizer-base,cuda:0,120,24,1,0.83,0.8271703720092773,0.826,-0.003409147262573242,-0.004819277108433773,0.0014101298458605305,0.0014101298458605305,1.9884661821866433e-06,DOWN,DOWN,True,0.815,0.838,0.027710843373494002,PASS,
2025-04-14_159992_RECONSTRUCTED,2025-04-14,159992,创新药ETF,3,0.635,NeoQuasar/Kronos-small,NeoQuasar/Kronos-Tokenizer-base,cuda:0,120,24,1,0.721,0.6783928275108337,0.766,-0.05909454822540283,0.06241331484049928,-0.12150786306590211,0.12150786306590211,0.014764160786842019,DOWN,UP,False,0.708,0.766,0.08044382801664363,PASS,
2025-04-14_512480_RECONSTRUCTED,2025-04-14,512480,半导体ETF,4,0.5900000000000001,NeoQuasar/Kronos-small,NeoQuasar/Kronos-Tokenizer-base,cuda:0,120,24,1,1.055,0.9476902484893799,1.022,-0.10171538591384888,-0.03127962085308045,-0.07043576506076843,0.07043576506076843,0.0049611969996957665,DOWN,DOWN,True,1.022,1.078,0.053080568720379195,PASS,
2025-04-14_510050_RECONSTRUCTED,2025-04-14,510050,上证50ETF,5,0.5750000000000001,NeoQuasar/Kronos-small,NeoQuasar/Kronos-Tokenizer-base,cuda:0,120,24,1,2.605,2.555291175842285,2.713,-0.019082069396972656,0.04145873320537441,-0.060540802602347066,0.060540802602347066,0.0036651887797363534,DOWN,UP,False,2.611,2.737,0.04836852207293662,PASS,
2025-04-15_159937_RECONSTRUCTED,2025-04-15,159937,黄金ETF,1,0.77,NeoQuasar/Kronos-small,NeoQuasar/Kronos-Tokenizer-base,cuda:0,120,24,1,7.312,6.300578594207764,7.435,-0.13832348585128784,0.016821663019693567,-0.1551451488709814,0.1551451488709814,0.024070017218198982,DOWN,UP,False,7.057,7.967,0.12445295404813994,PASS,
2025-04-15_159928_RECONSTRUCTED,2025-04-15,159928,消费ETF,2,0.665,NeoQuasar/Kronos-small,NeoQuasar/Kronos-Tokenizer-base,cuda:0,120,24,1,0.831,0.8193770051002502,0.822,-0.013986706733703613,-0.010830324909747335,-0.003156381823956278,0.003156381823956278,9.96274621860156e-06,DOWN,DOWN,True,0.815,0.838,0.02767749699157644,PASS,
2025-04-15_159992_RECONSTRUCTED,2025-04-15,159992,创新药ETF,3,0.615,NeoQuasar/Kronos-small,NeoQuasar/Kronos-Tokenizer-base,cuda:0,120,24,1,0.717,0.7364841103553772,0.765,0.02717447280883789,0.06694560669456062,-0.03977113388572273,0.03977113388572273,0.0015817430905560829,UP,UP,True,0.708,0.766,0.08089260808926088,PASS,
2025-04-15_512690_RECONSTRUCTED,2025-04-15,512690,酒ETF,4,0.5999999999999999,NeoQuasar/Kronos-small,NeoQuasar/Kronos-Tokenizer-base,cuda:0,120,24,1,0.612,0.6001790761947632,0.591,-0.019315242767333984,-0.03431372549019607,0.014998482722862083,0.014998482722862083,0.0002249544839879924,DOWN,DOWN,True,0.591,0.62,0.04738562091503272,PASS,
2025-04-15_510050_RECONSTRUCTED,2025-04-15,510050,上证50ETF,5,0.5750000000000001,NeoQuasar/Kronos-small,NeoQuasar/Kronos-Tokenizer-base,cuda:0,120,24,1,2.611,2.5723865032196045,2.716,-0.014788806438446045,0.04021447721179627,-0.05500328365024232,0.05500328365024232,0.003025361212309014,DOWN,UP,False,2.613,2.737,0.04749138261202608,PASS,
2025-04-16_159937_RECONSTRUCTED,2025-04-16,159937,黄金ETF,1,0.7899999999999999,NeoQuasar/Kronos-small,NeoQuasar/Kronos-Tokenizer-base,cuda:0,120,24,1,7.487,6.092193126678467,7.436,-0.18629717826843262,-0.006811807132362735,-0.17948537113606988,0.17948537113606988,0.032214998451852744,DOWN,DOWN,True,7.057,7.967,0.1215440096166688,PASS,
2025-04-16_159928_RECONSTRUCTED,2025-04-16,159928,消费ETF,2,0.6750000000000002,NeoQuasar/Kronos-small,NeoQuasar/Kronos-Tokenizer-base,cuda:0,120,24,1,0.834,0.8167491555213928,0.818,-0.020684480667114258,-0.01918465227817745,-0.001499828388936808,0.001499828388936808,2.249485196260781e-06,DOWN,DOWN,True,0.815,0.838,0.027577937649880122,PASS,
2025-04-16_510050_RECONSTRUCTED,2025-04-16,510050,上证50ETF,3,0.64,NeoQuasar/Kronos-small,NeoQuasar/Kronos-Tokenizer-base,cuda:0,120,24,1,2.635,2.5302412509918213,2.695,-0.0397566556930542,0.022770398481973375,-0.06252705417502757,0.06252705417502757,0.003909632503806834,DOWN,UP,False,2.613,2.737,0.04705882352941181,PASS,
2025-04-16_512800_RECONSTRUCTED,2025-04-16,512800,银行ETF,4,0.625,NeoQuasar/Kronos-small,NeoQuasar/Kronos-Tokenizer-base,cuda:0,120,24,1,0.766,0.7091224789619446,0.805,-0.07425260543823242,0.050913838120104415,-0.12516644355833684,0.12516644355833684,0.01566663859304232,DOWN,UP,False,0.76,0.813,0.06919060052219313,PASS,
2025-04-16_512690_RECONSTRUCTED,2025-04-16,512690,酒ETF,5,0.58,NeoQuasar/Kronos-small,NeoQuasar/Kronos-Tokenizer-base,cuda:0,120,24,1,0.614,0.5955366492271423,0.587,-0.03007066249847412,-0.043973941368078195,0.013903278869604074,0.013903278869604074,0.00019330116332597915,DOWN,DOWN,True,0.587,0.62,0.05374592833876227,PASS,
2025-04-17_159937_RECONSTRUCTED,2025-04-17,159937,黄金ETF,1,0.7899999999999999,NeoQuasar/Kronos-small,NeoQuasar/Kronos-Tokenizer-base,cuda:0,120,24,1,7.557,6.289541721343994,7.418,-0.1677197813987732,-0.018393542411009656,-0.14932623898776354,0.14932623898776354,0.022298325650230672,DOWN,DOWN,True,7.057,7.967,0.12041815535265306,PASS,
2025-04-17_159928_RECONSTRUCTED,2025-04-17,159928,消费ETF,2,0.7100000000000001,NeoQuasar/Kronos-small,NeoQuasar/Kronos-Tokenizer-base,cuda:0,120,24,1,0.838,0.7848914861679077,0.816,-0.06337529420852661,-0.026252983293556076,-0.037122310914970535,0.037122310914970535,0.0013780659676677406,DOWN,DOWN,True,0.815,0.833,0.021479713603818635,PASS,
2025-04-17_512690_RECONSTRUCTED,2025-04-17,512690,酒ETF,3,0.6650000000000001,NeoQuasar/Kronos-small,NeoQuasar/Kronos-Tokenizer-base,cuda:0,120,24,1,0.62,0.6243114471435547,0.582,0.0069539546966552734,-0.06129032258064526,0.06824427727730054,0.06824427727730054,0.004657281381101078,UP,DOWN,False,0.582,0.614,0.0516129032258065,PASS,
2025-04-17_512800_RECONSTRUCTED,2025-04-17,512800,银行ETF,4,0.65,NeoQuasar/Kronos-small,NeoQuasar/Kronos-Tokenizer-base,cuda:0,120,24,1,0.767,0.7206727862358093,0.799,-0.060400545597076416,0.041720990873533204,-0.10212153647060962,0.10212153647060962,0.010428808211118051,DOWN,UP,False,0.76,0.813,0.06910039113428935,PASS,
2025-04-17_510050_RECONSTRUCTED,2025-04-17,510050,上证50ETF,5,0.6350000000000001,NeoQuasar/Kronos-small,NeoQuasar/Kronos-Tokenizer-base,cuda:0,120,24,1,2.638,2.734193801879883,2.684,0.036464691162109375,0.01743745261561802,0.019027238546491354,0.019027238546491354,0.00036203580670508644,UP,UP,True,2.613,2.737,0.0470053070507961,PASS,
2025-04-18_159937_RECONSTRUCTED,2025-04-18,159937,黄金ETF,1,0.7899999999999999,NeoQuasar/Kronos-small,NeoQuasar/Kronos-Tokenizer-base,cuda:0,120,24,1,7.573,5.962311744689941,7.35,-0.21268826723098755,-0.029446718605572575,-0.18324154862541497,0.18324154862541497,0.03357746514264032,DOWN,DOWN,True,7.057,7.967,0.12016373960121474,PASS,
2025-04-18_159928_RECONSTRUCTED,2025-04-18,159928,消费ETF,2,0.7100000000000001,NeoQuasar/Kronos-small,NeoQuasar/Kronos-Tokenizer-base,cuda:0,120,24,1,0.832,0.808104395866394,0.816,-0.0287206768989563,-0.019230769230769273,-0.009489907668187025,0.009489907668187025,9.00583475507149e-05,DOWN,DOWN,True,0.815,0.833,0.021634615384615405,PASS,
2025-04-18_510050_RECONSTRUCTED,2025-04-18,510050,上证50ETF,3,0.67,NeoQuasar/Kronos-small,NeoQuasar/Kronos-Tokenizer-base,cuda:0,120,24,1,2.64,2.5760817527770996,2.67,-0.024211466312408447,0.011363636363636243,-0.03557510267604469,0.03557510267604469,0.0012655879304111222,DOWN,UP,False,2.613,2.737,0.04696969696969701,PASS,
2025-04-18_512800_RECONSTRUCTED,2025-04-18,512800,银行ETF,4,0.65,NeoQuasar/Kronos-small,NeoQuasar/Kronos-Tokenizer-base,cuda:0,120,24,1,0.774,0.7437217235565186,0.804,-0.039119184017181396,0.03875968992248069,-0.07787887393966209,0.07787887393966209,0.006065119006109778,DOWN,UP,False,0.76,0.813,0.06847545219638235,PASS,
2025-04-18_512690_RECONSTRUCTED,2025-04-18,512690,酒ETF,5,0.6150000000000001,NeoQuasar/Kronos-small,NeoQuasar/Kronos-Tokenizer-base,cuda:0,120,24,1,0.614,0.5948927998542786,0.584,-0.031119227409362793,-0.04885993485342022,0.017740707444057424,0.017740707444057424,0.0003147327006156345,DOWN,DOWN,True,0.582,0.613,0.050488599348534245,PASS,
2025-04-21_159937_RECONSTRUCTED,2025-04-21,159937,黄金ETF,1,0.7899999999999999,NeoQuasar/Kronos-small,NeoQuasar/Kronos-Tokenizer-base,cuda:0,120,24,1,7.715,6.104139804840088,7.362,-0.20879590511322021,-0.045755022683084845,-0.16304088243013537,0.16304088243013537,0.026582329343597225,DOWN,DOWN,True,7.057,7.967,0.11795204147764086,PASS,
2025-04-21_159928_RECONSTRUCTED,2025-04-21,159928,消费ETF,2,0.6649999999999999,NeoQuasar/Kronos-small,NeoQuasar/Kronos-Tokenizer-base,cuda:0,120,24,1,0.827,0.8474884629249573,0.82,0.02477443218231201,-0.008464328899637219,0.03323876108194923,0.03323876108194923,0.0011048152382629028,UP,DOWN,False,0.815,0.833,0.02176541717049579,PASS,
2025-04-21_510050_RECONSTRUCTED,2025-04-21,510050,上证50ETF,3,0.6150000000000001,NeoQuasar/Kronos-small,NeoQuasar/Kronos-Tokenizer-base,cuda:0,120,24,1,2.631,2.5958364009857178,2.667,-0.01336514949798584,0.0136830102622576,-0.02704815976024344,0.02704815976024344,0.0007316029464156525,DOWN,UP,False,2.613,2.737,0.04713036868110989,PASS,
2025-04-21_512480_RECONSTRUCTED,2025-04-21,512480,半导体ETF,4,0.6150000000000001,NeoQuasar/Kronos-small,NeoQuasar/Kronos-Tokenizer-base,cuda:0,120,24,1,1.055,1.0906882286071777,0.99,0.033827781677246094,-0.06161137440758291,0.095439156084829,0.095439156084829,0.009108632514184353,UP,DOWN,False,0.99,1.078,0.0834123222748816,PASS,
2025-04-21_159992_RECONSTRUCTED,2025-04-21,159992,创新药ETF,5,0.595,NeoQuasar/Kronos-small,NeoQuasar/Kronos-Tokenizer-base,cuda:0,120,24,1,0.719,0.6823577880859375,0.76,-0.050962746143341064,0.057023643949930536,-0.1079863900932716,0.1079863900932716,0.011661060445376226,DOWN,UP,False,0.72,0.766,0.06397774687065375,PASS,
2025-04-22_159937_RECONSTRUCTED,2025-04-22,159937,黄金ETF,1,0.7999999999999999,NeoQuasar/Kronos-small,NeoQuasar/Kronos-Tokenizer-base,cuda:0,120,24,1,7.967,6.358820915222168,7.286,-0.20185506343841553,-0.08547759507970376,-0.11637746835871177,0.11637746835871177,0.013543715141582958,DOWN,DOWN,True,7.057,7.657,0.07531065645788874,PASS,
2025-04-22_159928_RECONSTRUCTED,2025-04-22,159928,消费ETF,2,0.695,NeoQuasar/Kronos-small,NeoQuasar/Kronos-Tokenizer-base,cuda:0,120,24,1,0.829,0.8267651796340942,0.82,-0.002695798873901367,-0.010856453558504287,0.00816065468460292,0.00816065468460292,6.659628488133158e-05,DOWN,DOWN,True,0.815,0.833,0.021712907117008465,PASS,
2025-04-22_510050_RECONSTRUCTED,2025-04-22,510050,上证50ETF,3,0.6200000000000001,NeoQuasar/Kronos-small,NeoQuasar/Kronos-Tokenizer-base,cuda:0,120,24,1,2.636,2.6135926246643066,2.674,-0.008500516414642334,0.014415781487101542,-0.022916297901743876,0.022916297901743876,0.0005251567095214708,DOWN,UP,False,2.613,2.737,0.047040971168437064,PASS,
2025-04-22_159992_RECONSTRUCTED,2025-04-22,159992,创新药ETF,4,0.6100000000000001,NeoQuasar/Kronos-small,NeoQuasar/Kronos-Tokenizer-base,cuda:0,120,24,1,0.729,0.7166346907615662,0.786,-0.016961991786956787,0.07818930041152261,-0.0951512921984794,0.0951512921984794,0.009053768407040407,DOWN,UP,False,0.72,0.786,0.0905349794238684,PASS,
2025-04-22_512800_RECONSTRUCTED,2025-04-22,512800,银行ETF,5,0.5850000000000001,NeoQuasar/Kronos-small,NeoQuasar/Kronos-Tokenizer-base,cuda:0,120,24,1,0.771,0.7172357439994812,0.802,-0.06973320245742798,0.04020752269779515,-0.10994072515522313,0.10994072515522313,0.012086963047656312,DOWN,UP,False,0.76,0.813,0.0687418936446173,PASS,
2025-04-23_159937_RECONSTRUCTED,2025-04-23,159937,黄金ETF,1,0.7949999999999999,NeoQuasar/Kronos-small,NeoQuasar/Kronos-Tokenizer-base,cuda:0,120,24,1,7.49,6.289211750030518,7.355,-0.16031885147094727,-0.018024032042723626,-0.14229481942822364,0.14229481942822364,0.02024781563611077,DOWN,DOWN,True,7.057,7.657,0.08010680907877164,PASS,
2025-04-23_159928_RECONSTRUCTED,2025-04-23,159928,消费ETF,2,0.7,NeoQuasar/Kronos-small,NeoQuasar/Kronos-Tokenizer-base,cuda:0,120,24,1,0.823,0.8109655380249023,0.82,-0.014622688293457031,-0.0036452004860267895,-0.010977487807430242,0.010977487807430242,0.00012050523856227962,DOWN,DOWN,True,0.815,0.833,0.02187120291616041,PASS,
2025-04-23_510050_RECONSTRUCTED,2025-04-23,510050,上证50ETF,3,0.615,NeoQuasar/Kronos-small,NeoQuasar/Kronos-Tokenizer-base,cuda:0,120,24,1,2.628,2.5972847938537598,2.669,-0.011687695980072021,0.015601217656012079,-0.0272889136360841,0.0272889136360841,0.0007446848074376568,DOWN,UP,False,2.613,2.737,0.047184170471841744,PASS,
2025-04-23_159992_RECONSTRUCTED,2025-04-23,159992,创新药ETF,4,0.6050000000000001,NeoQuasar/Kronos-small,NeoQuasar/Kronos-Tokenizer-base,cuda:0,120,24,1,0.722,0.6902847290039062,0.791,-0.04392695426940918,0.09556786703601117,-0.13949482130542035,0.13949482130542035,0.019458805171031154,DOWN,UP,False,0.72,0.791,0.09833795013850424,PASS,
2025-04-23_512480_RECONSTRUCTED,2025-04-23,512480,半导体ETF,5,0.6,NeoQuasar/Kronos-small,NeoQuasar/Kronos-Tokenizer-base,cuda:0,120,24,1,1.053,1.0994561910629272,0.996,0.04411792755126953,-0.054131054131054124,0.09824898168232366,0.09824898168232366,0.009652862401613569,UP,DOWN,False,0.99,1.078,0.08357075023741699,PASS,
2025-04-24_159937_RECONSTRUCTED,2025-04-24,159937,黄金ETF,1,0.7949999999999999,NeoQuasar/Kronos-small,NeoQuasar/Kronos-Tokenizer-base,cuda:0,120,24,1,7.565,6.435976028442383,7.465,-0.14924311637878418,-0.013218770654329193,-0.136024345724455,0.136024345724455,0.018502622629766055,DOWN,DOWN,True,7.057,7.657,0.07931262392597484,PASS,
2025-04-24_510050_RECONSTRUCTED,2025-04-24,510050,上证50ETF,2,0.7000000000000001,NeoQuasar/Kronos-small,NeoQuasar/Kronos-Tokenizer-base,cuda:0,120,24,1,2.635,2.5625431537628174,2.668,-0.027497828006744385,0.012523719165085545,-0.04002154717182993,0.04002154717182993,0.0016017242380270082,DOWN,UP,False,2.613,2.737,0.04705882352941181,PASS,
2025-04-24_512800_RECONSTRUCTED,2025-04-24,512800,银行ETF,3,0.685,NeoQuasar/Kronos-small,NeoQuasar/Kronos-Tokenizer-base,cuda:0,120,24,1,0.775,0.7208821177482605,0.822,-0.06982952356338501,0.06064516129032249,-0.1304746848537075,0.1304746848537075,0.01702364338767429,DOWN,UP,False,0.76,0.822,0.07999999999999993,PASS,
2025-04-24_159928_RECONSTRUCTED,2025-04-24,159928,消费ETF,4,0.645,NeoQuasar/Kronos-small,NeoQuasar/Kronos-Tokenizer-base,cuda:0,120,24,1,0.822,0.7817347049713135,0.823,-0.0489845871925354,0.0012165450121655041,-0.050201132204700905,0.050201132204700905,0.002520153674633858,DOWN,UP,False,0.815,0.833,0.021897810218978124,PASS,
2025-04-24_159992_RECONSTRUCTED,2025-04-24,159992,创新药ETF,5,0.6050000000000001,NeoQuasar/Kronos-small,NeoQuasar/Kronos-Tokenizer-base,cuda:0,120,24,1,0.728,0.7188906073570251,0.799,-0.01251286268234253,0.09752747252747263,-0.11004033520981515,0.11004033520981515,0.012108875373088485,DOWN,UP,False,0.72,0.799,0.10851648351648362,PASS,
2025-04-25_159937_RECONSTRUCTED,2025-04-25,159937,黄金ETF,1,0.7949999999999999,NeoQuasar/Kronos-small,NeoQuasar/Kronos-Tokenizer-base,cuda:0,120,24,1,7.519,6.248558044433594,7.461,-0.1689642071723938,-0.00771379172762332,-0.16125041544477048,0.16125041544477048,0.026001696481111072,DOWN,DOWN,True,7.057,7.657,0.07979784545817258,PASS,
2025-04-25_510050_RECONSTRUCTED,2025-04-25,510050,上证50ETF,2,0.72,NeoQuasar/Kronos-small,NeoQuasar/Kronos-Tokenizer-base,cuda:0,120,24,1,2.63,2.6828761100769043,2.675,0.02010488510131836,0.017110266159695797,0.002994618941622562,0.002994618941622562,8.967742605524634e-06,UP,UP,True,2.613,2.737,0.04714828897338407,PASS,
2025-04-25_512800_RECONSTRUCTED,2025-04-25,512800,银行ETF,3,0.7000000000000001,NeoQuasar/Kronos-small,NeoQuasar/Kronos-Tokenizer-base,cuda:0,120,24,1,0.773,0.7076730132102966,0.823,-0.08451098203659058,0.06468305304010347,-0.14919403507669404,0.14919403507669404,0.022258860102465812,DOWN,UP,False,0.76,0.823,0.08150064683053032,PASS,
2025-04-25_159928_RECONSTRUCTED,2025-04-25,159928,消费ETF,4,0.6800000000000002,NeoQuasar/Kronos-small,NeoQuasar/Kronos-Tokenizer-base,cuda:0,120,24,1,0.82,0.8318794369697571,0.824,0.014487147331237793,0.004878048780487809,0.009609098550749984,0.009609098550749984,9.233477495802543e-05,UP,UP,True,0.815,0.833,0.02195121951219514,PASS,
2025-04-25_588000_RECONSTRUCTED,2025-04-25,588000,科创50ETF,5,0.5449999999999999,NeoQuasar/Kronos-small,NeoQuasar/Kronos-Tokenizer-base,cuda:0,120,24,1,1.054,1.0921837091445923,1.04,0.03622746467590332,-0.013282732447817858,0.04951019712372118,0.04951019712372118,0.0024512596192297286,UP,DOWN,False,1.023,1.081,0.05502846299810251,PASS,
2025-04-28_159937_RECONSTRUCTED,2025-04-28,159937,黄金ETF,1,0.8049999999999999,NeoQuasar/Kronos-small,NeoQuasar/Kronos-Tokenizer-base,cuda:0,120,24,1,7.456,6.505847930908203,7.47,-0.12743455171585083,0.001877682403433445,-0.12931223411928428,0.12931223411928428,0.016721653892920588,DOWN,UP,False,7.057,7.657,0.08047210300429179,PASS,
2025-04-28_510050_RECONSTRUCTED,2025-04-28,510050,上证50ETF,2,0.7050000000000001,NeoQuasar/Kronos-small,NeoQuasar/Kronos-Tokenizer-base,cuda:0,120,24,1,2.631,2.644287586212158,2.674,0.0050504207611083984,0.016343595591030047,-0.011293174829921648,0.011293174829921648,0.00012753579773917584,UP,UP,True,2.613,2.737,0.04713036868110989,PASS,
2025-04-28_159928_RECONSTRUCTED,2025-04-28,159928,消费ETF,3,0.6800000000000002,NeoQuasar/Kronos-small,NeoQuasar/Kronos-Tokenizer-base,cuda:0,120,24,1,0.817,0.8206543922424316,0.82,0.004472970962524414,0.003671970624234966,0.0008010003382894482,0.0008010003382894482,6.416015419398104e-07,UP,UP,True,0.815,0.833,0.02203182374541006,PASS,
2025-04-28_512800_RECONSTRUCTED,2025-04-28,512800,银行ETF,4,0.67,NeoQuasar/Kronos-small,NeoQuasar/Kronos-Tokenizer-base,cuda:0,120,24,1,0.779,0.743228018283844,0.817,-0.045920372009277344,0.04878048780487787,-0.09470085981415521,0.09470085981415521,0.008968252849540278,DOWN,UP,False,0.76,0.823,0.08087291399229775,PASS,
2025-04-28_588000_RECONSTRUCTED,2025-04-28,588000,科创50ETF,5,0.585,NeoQuasar/Kronos-small,NeoQuasar/Kronos-Tokenizer-base,cuda:0,120,24,1,1.051,1.1284189224243164,1.051,0.0736621618270874,0.0,0.0736621618270874,0.0736621618270874,0.0054261140850400125,UP,FLAT,False,1.023,1.081,0.0551855375832541,PASS,
2025-04-29_159937_RECONSTRUCTED,2025-04-29,159937,黄金ETF,1,0.8049999999999999,NeoQuasar/Kronos-small,NeoQuasar/Kronos-Tokenizer-base,cuda:0,120,24,1,7.503,6.547502040863037,7.466,-0.12734878063201904,-0.00493136078901768,-0.12241741984300136,0.12241741984300136,0.014986024681017663,DOWN,DOWN,True,7.057,7.657,0.079968012794882,PASS,
2025-04-29_159928_RECONSTRUCTED,2025-04-29,159928,消费ETF,2,0.6800000000000002,NeoQuasar/Kronos-small,NeoQuasar/Kronos-Tokenizer-base,cuda:0,120,24,1,0.815,0.8346480131149292,0.819,0.024108052253723145,0.004907975460122671,0.019200076793600473,0.019200076793600473,0.00036864294888015546,UP,UP,True,0.816,0.833,0.02085889570552149,PASS,
2025-04-29_512800_RECONSTRUCTED,2025-04-29,512800,银行ETF,3,0.67,NeoQuasar/Kronos-small,NeoQuasar/Kronos-Tokenizer-base,cuda:0,120,24,1,0.777,0.7258590459823608,0.819,-0.06581848859786987,0.054054054054053946,-0.11987254265192382,0.11987254265192382,0.014369426481837295,DOWN,UP,False,0.76,0.823,0.081081081081081,PASS,
2025-04-29_510050_RECONSTRUCTED,2025-04-29,510050,上证50ETF,4,0.635,NeoQuasar/Kronos-small,NeoQuasar/Kronos-Tokenizer-base,cuda:0,120,24,1,2.626,2.693159580230713,2.676,0.025574922561645508,0.01904036557501909,0.006534556986626416,0.006534556986626416,4.270043501146811e-05,UP,UP,True,2.613,2.737,0.04722010662604727,PASS,
2025-04-29_512480_RECONSTRUCTED,2025-04-29,512480,半导体ETF,5,0.56,NeoQuasar/Kronos-small,NeoQuasar/Kronos-Tokenizer-base,cuda:0,120,24,1,1.047,1.0419625043869019,1.027,-0.004811406135559082,-0.019102196752626588,0.014290790617067506,0.014290790617067506,0.00020422669646086465,DOWN,DOWN,True,0.99,1.078,0.0840496657115569,PASS,
2025-04-30_159937_RECONSTRUCTED,2025-04-30,159937,黄金ETF,1,0.8049999999999999,NeoQuasar/Kronos-small,NeoQuasar/Kronos-Tokenizer-base,cuda:0,120,24,1,7.457,6.203388214111328,7.386,-0.16811203956604004,-0.009521255196459633,-0.1585907843695804,0.1585907843695804,0.025151036886958748,DOWN,DOWN,True,7.057,7.657,0.08046131151937772,PASS,
2025-04-30_512480_RECONSTRUCTED,2025-04-30,512480,半导体ETF,2,0.645,NeoQuasar/Kronos-small,NeoQuasar/Kronos-Tokenizer-base,cuda:0,120,24,1,1.06,0.946141242980957,1.029,-0.1074138879776001,-0.029245283018868085,-0.07816860495873201,0.07816860495873201,0.006110330801194303,DOWN,DOWN,True,0.99,1.078,0.08301886792452837,PASS,
2025-04-30_159928_RECONSTRUCTED,2025-04-30,159928,消费ETF,3,0.615,NeoQuasar/Kronos-small,NeoQuasar/Kronos-Tokenizer-base,cuda:0,120,24,1,0.817,0.8613854050636292,0.823,0.05432736873626709,0.007343941248469932,0.04698342748779716,0.04698342748779716,0.0022074424585010934,UP,UP,True,0.816,0.833,0.020807833537331722,PASS,
2025-04-30_510050_RECONSTRUCTED,2025-04-30,510050,上证50ETF,4,0.6050000000000001,NeoQuasar/Kronos-small,NeoQuasar/Kronos-Tokenizer-base,cuda:0,120,24,1,2.613,2.588604211807251,2.676,-0.009336292743682861,0.024110218140068973,-0.033446510883751834,0.033446510883751834,0.00111866909029693,DOWN,UP,False,2.627,2.737,0.042097206276310875,PASS,
2025-04-30_512760_RECONSTRUCTED,2025-04-30,512760,芯片ETF,5,0.5950000000000001,NeoQuasar/Kronos-small,NeoQuasar/Kronos-Tokenizer-base,cuda:0,120,24,1,0.588,0.5469518303871155,0.569,-0.06980979442596436,-0.03231292517006801,-0.03749686925589635,0.03749686925589635,0.0014060152039937848,DOWN,DOWN,True,0.55,0.596,0.07823129251700668,PASS,
2025-05-06_159937_RECONSTRUCTED,2025-05-06,159937,黄金ETF,1,0.8049999999999999,NeoQuasar/Kronos-small,NeoQuasar/Kronos-Tokenizer-base,cuda:0,120,24,1,7.597,6.107217788696289,7.397,-0.1961013674736023,-0.026326181387389735,-0.16977518608621256,0.16977518608621256,0.028823613810608103,DOWN,DOWN,True,7.057,7.657,0.07897854416216922,PASS,
2025-05-06_159928_RECONSTRUCTED,2025-05-06,159928,消费ETF,2,0.6800000000000002,NeoQuasar/Kronos-small,NeoQuasar/Kronos-Tokenizer-base,cuda:0,120,24,1,0.819,0.7910027503967285,0.816,-0.03418469429016113,-0.00366300366300365,-0.030521690627157483,0.030521690627157483,0.0009315735987399129,DOWN,DOWN,True,0.816,0.833,0.020757020757020777,PASS,
2025-05-06_512480_RECONSTRUCTED,2025-05-06,512480,半导体ETF,3,0.635,NeoQuasar/Kronos-small,NeoQuasar/Kronos-Tokenizer-base,cuda:0,120,24,1,1.078,1.0216593742370605,1.007,-0.05226397514343262,-0.06586270871985178,0.013598733576419164,0.013598733576419164,0.00018492555488242994,DOWN,DOWN,True,0.99,1.072,0.0760667903525047,PASS,
2025-05-06_588000_RECONSTRUCTED,2025-05-06,588000,科创50ETF,4,0.62,NeoQuasar/Kronos-small,NeoQuasar/Kronos-Tokenizer-base,cuda:0,120,24,1,1.078,1.1044650077819824,1.032,0.024550199508666992,-0.042671614100185606,0.0672218136088526,0.0672218136088526,0.0045187722248633206,UP,DOWN,False,1.023,1.081,0.053803339517625275,PASS,
2025-05-06_510050_RECONSTRUCTED,2025-05-06,510050,上证50ETF,5,0.6,NeoQuasar/Kronos-small,NeoQuasar/Kronos-Tokenizer-base,cuda:0,120,24,1,2.627,2.621187686920166,2.662,-0.0022125840187072754,0.013323182337266815,-0.01553576635597409,0.01553576635597409,0.00024136003626741646,DOWN,UP,False,2.651,2.737,0.03273696231442722,PASS,
2025-05-07_159937_RECONSTRUCTED,2025-05-07,159937,黄金ETF,1,0.8049999999999999,NeoQuasar/Kronos-small,NeoQuasar/Kronos-Tokenizer-base,cuda:0,120,24,1,7.657,6.29432487487793,7.414,-0.17796462774276733,-0.031735666710199895,-0.14622896103256744,0.14622896103256744,0.021382909044664125,DOWN,DOWN,True,7.057,7.541,0.06321013451743503,PASS,
2025-05-07_510050_RECONSTRUCTED,2025-05-07,510050,上证50ETF,2,0.64,NeoQuasar/Kronos-small,NeoQuasar/Kronos-Tokenizer-base,cuda:0,120,24,1,2.651,2.6312155723571777,2.682,-0.007463037967681885,0.011693700490380987,-0.019156738458062872,0.019156738458062872,0.00036698062835062504,DOWN,UP,False,2.662,2.737,0.02829121086382504,PASS,
2025-05-07_512660_RECONSTRUCTED,2025-05-07,512660,军工ETF,3,0.595,NeoQuasar/Kronos-small,NeoQuasar/Kronos-Tokenizer-base,cuda:0,120,24,1,1.051,0.9913544058799744,1.049,-0.056751251220703125,-0.0019029495718363432,-0.05484830164886678,0.05484830164886678,0.0030083361937650824,DOWN,DOWN,True,1.026,1.096,0.06660323501427219,PASS,
2025-05-07_159928_RECONSTRUCTED,2025-05-07,159928,消费ETF,4,0.5849999999999999,NeoQuasar/Kronos-small,NeoQuasar/Kronos-Tokenizer-base,cuda:0,120,24,1,0.82,0.8432428240776062,0.823,0.02834486961364746,0.003658536585365857,0.024686333028281604,0.024686333028281604,0.0006094150383832272,UP,UP,True,0.816,0.833,0.02073170731707319,PASS,
2025-05-07_588000_RECONSTRUCTED,2025-05-07,588000,科创50ETF,5,0.5750000000000001,NeoQuasar/Kronos-small,NeoQuasar/Kronos-Tokenizer-base,cuda:0,120,24,1,1.081,1.0179013013839722,1.031,-0.05837064981460571,-0.046253469010175796,-0.012117180804429917,0.012117180804429917,0.00014682607064724486,DOWN,DOWN,True,1.023,1.077,0.04995374653098987,PASS,
2025-05-08_512660_RECONSTRUCTED,2025-05-08,512660,军工ETF,1,0.62,NeoQuasar/Kronos-small,NeoQuasar/Kronos-Tokenizer-base,cuda:0,120,24,1,1.072,1.0803110599517822,1.041,0.007752776145935059,-0.028917910447761375,0.03667068659369643,0.03667068659369643,0.0013447392552531072,UP,DOWN,False,1.026,1.096,0.06529850746268662,PASS,
2025-05-08_159937_RECONSTRUCTED,2025-05-08,159937,黄金ETF,2,0.56,NeoQuasar/Kronos-small,NeoQuasar/Kronos-Tokenizer-base,cuda:0,120,24,1,7.541,6.3671183586120605,7.486,-0.15566658973693848,-0.007293462405516538,-0.14837312733142194,0.14837312733142194,0.022014584914106346,DOWN,DOWN,True,7.057,7.517,0.06099986739159262,PASS,
2025-05-08_512480_RECONSTRUCTED,2025-05-08,512480,半导体ETF,3,0.54,NeoQuasar/Kronos-small,NeoQuasar/Kronos-Tokenizer-base,cuda:0,120,24,1,1.068,1.0175964832305908,0.997,-0.04719424247741699,-0.06647940074906378,0.019285158271646785,0.019285158271646785,0.00037191732956246644,DOWN,DOWN,True,0.99,1.05,0.05617977528089892,PASS,
2025-05-08_588000_RECONSTRUCTED,2025-05-08,588000,科创50ETF,4,0.5250000000000001,NeoQuasar/Kronos-small,NeoQuasar/Kronos-Tokenizer-base,cuda:0,120,24,1,1.077,1.1185107231140137,1.027,0.038542866706848145,-0.0464252553389044,0.08496812204575255,0.08496812204575255,0.0072195817639819,UP,DOWN,False,1.023,1.065,0.0389972144846797,PASS,
2025-05-08_159915_RECONSTRUCTED,2025-05-08,159915,创业板ETF,5,0.515,NeoQuasar/Kronos-small,NeoQuasar/Kronos-Tokenizer-base,cuda:0,120,24,1,2.001,2.0734212398529053,2.04,0.03619253635406494,0.019490254872563728,0.016702281481501213,0.016702281481501213,0.00027896620668729836,UP,UP,True,1.959,2.054,0.047476261869065346,PASS,
